"Code","Site.x","year.index","SHMI.index","Site.y","q1.Frequently","q1.Sometimes","q1.No","q1.Respondents","q2a.Never","q2a.Rarely","q2a.Sometimes","q2a.Often","q2a.Always","q2a.Respondents","q2b.Never","q2b.Rarely","q2b.Sometimes","q2b.Often","q2b.Always","q2b.Respondents","q2c.Never","q2c.Rarely","q2c.Sometimes","q2c.Often","q2c.Always","q2c.Respondents","q3a.Never","q3a.Rarely","q3a.Sometimes","q3a.Often","q3a.Always","q3a.Respondents","q3b.Never","q3b.Rarely","q3b.Sometimes","q3b.Often","q3b.Always","q3b.Respondents","q3c.Never","q3c.Rarely","q3c.Sometimes","q3c.Often","q3c.Always","q3c.Respondents","q4a.Strongly.disagree","q4a.Disagree","q4a.Neither.agree.nor.disagree","q4a.Agree","q4a.Strongly.agree","q4a.Respondents","q4b.Strongly.disagree","q4b.Disagree","q4b.Neither.agree.nor.disagree","q4b.Agree","q4b.Strongly.agree","q4b.Respondents","q4c.Strongly.disagree","q4c.Disagree","q4c.Neither.agree.nor.disagree","q4c.Agree","q4c.Strongly.agree","q4c.Respondents","q4d.Strongly.disagree","q4d.Disagree","q4d.Neither.agree.nor.disagree","q4d.Agree","q4d.Strongly.agree","q4d.Respondents","q4e.Strongly.disagree","q4e.Disagree","q4e.Neither.agree.nor.disagree","q4e.Agree","q4e.Strongly.agree","q4e.Respondents","q4f.Strongly.disagree","q4f.Disagree","q4f.Neither.agree.nor.disagree","q4f.Agree","q4f.Strongly.agree","q4f.Respondents","q4g.Strongly.disagree","q4g.Disagree","q4g.Neither.agree.nor.disagree","q4g.Agree","q4g.Strongly.agree","q4g.Respondents","q4h.Strongly.disagree","q4h.Disagree","q4h.Neither.agree.nor.disagree","q4h.Agree","q4h.Strongly.agree","q4h.Respondents","q4i.Strongly.disagree","q4i.Disagree","q4i.Neither.agree.nor.disagree","q4i.Agree","q4i.Strongly.agree","q4i.Respondents","q4j.Strongly.disagree","q4j.Disagree","q4j.Neither.agree.nor.disagree","q4j.Agree","q4j.Strongly.agree","q4j.Respondents","Observations","q2a.vigor","q2a.vigor.OftenAlways","q2b.dedication","q2b.dedication.OftenAlways","q2c.absorption","q2c.absorption.OftenAlways","q2a.vigor.mean","q2a.vigor.sd","q2a.vigor.Always","q2b.dedication.mean","q2b.dedication.sd","q2b.dedication.Always","q2c.absorption.mean","q2c.absorption.sd","q2c.absorption.Always","Survey.engagement.observations.index","Engagement.index","Burnout.count.index","Burnout.proportion.index"
"R0A","MANCHESTER UNIVERSITY NHS FOUNDATION TRUST",2017,0.9723,NA,NA,NA,NA,NA,NA,NA,NA,NA,NA,NA,NA,NA,NA,NA,NA,NA,NA,NA,NA,NA,NA,NA,NA,NA,NA,NA,NA,NA,NA,NA,NA,NA,NA,NA,NA,NA,NA,NA,NA,NA,NA,NA,NA,NA,NA,NA,NA,NA,NA,NA,NA,NA,NA,NA,NA,NA,NA,NA,NA,NA,NA,NA,NA,NA,NA,NA,NA,NA,NA,NA,NA,NA,NA,NA,NA,NA,NA,NA,NA,NA,NA,NA,NA,NA,NA,NA,NA,NA,NA,NA,NA,NA,NA,NA,NA,NA,NA,NA,NA,NA,NA,NA,NA,NA,NA,NA,NA,NA,NA,NA,NA,NA,NA,NA,NA,NA,NA,NA,NA,NA
"R1F","ISLE OF WIGHT NHS TRUST",2017,1.1239,NA,NA,NA,NA,NA,NA,NA,NA,NA,NA,NA,NA,NA,NA,NA,NA,NA,NA,NA,NA,NA,NA,NA,NA,NA,NA,NA,NA,NA,NA,NA,NA,NA,NA,NA,NA,NA,NA,NA,NA,NA,NA,NA,NA,NA,NA,NA,NA,NA,NA,NA,NA,NA,NA,NA,NA,NA,NA,NA,NA,NA,NA,NA,NA,NA,NA,NA,NA,NA,NA,NA,NA,NA,NA,NA,NA,NA,NA,NA,NA,NA,NA,NA,NA,NA,NA,NA,NA,NA,NA,NA,NA,NA,NA,NA,NA,NA,NA,NA,NA,NA,NA,NA,NA,NA,NA,NA,NA,NA,NA,NA,NA,NA,NA,NA,NA,NA,NA,NA,NA,NA
"R1H","BARTS HEALTH NHS TRUST",2017,0.9105,"Barts Health NHS Trust",71,14,15,"6,513",3,9,30,37,21,7030,1,5,21,37,35,6891,2,4,19,34,42,6874,2,4,7,46,41,"7,068",1,2,6,42,49,"6,987",3,8,11,42,37,"6,982",3,8,15,51,22,"7,062",4,8,16,51,21,"7,049",8,16,24,37,15,"7,041",5,14,25,43,14,"7,033",8,21,26,36,9,"7,000",11,24,22,36,8,"7,008",18,29,22,26,5,"7,019",4,8,20,53,15,"7,000",7,13,21,44,15,"7,015",3,5,16,51,26,"7,032",6513,3.64,4077,3.97,4962,4.13,5224,3.6398293029872,1.0053242664946,1476,4.00996629048806,0.926761184559074,2412,4.08931143762604,0.965521963628597,2887,6932,3.91333333333333,3050,0.44
"R1K","LONDON NORTH WEST UNIVERSITY HEALTHCARE NHS TRUST",2017,0.8263,"London North West Healthcare NHS Trust",78,12,10,"3,526",2,8,27,37,26,3768,1,5,19,35,40,3693,1,3,15,31,50,3684,1,4,6,42,47,"3,795",1,2,4,38,56,"3,766",2,7,10,39,42,"3,755",2,8,15,52,23,"3,795",3,8,16,52,21,"3,791",7,17,24,37,14,"3,789",5,13,25,42,14,"3,788",8,21,25,36,10,"3,767",10,23,22,36,9,"3,770",21,30,23,21,5,"3,784",4,8,21,52,16,"3,760",7,14,20,43,16,"3,770",3,5,14,49,29,"3,782",3526,3.77,2374,4.08,2770,4.26,2984,3.77063976639235,0.988224986552925,980,4.07958852192745,0.935012749797348,1477,4.25943012211669,0.890897509379978,1842,3715,4.03666666666667,1516,0.41
"RA2","ROYAL SURREY COUNTY HOSPITAL NHS FOUNDATION TRUST",2017,0.8102,"Royal Surrey County Hospital NHS Foundation Trust",67,16,17,"1,484",1,8,30,44,17,1580,1,4,20,44,31,1569,0,3,18,37,42,1551,1,4,6,49,40,"1,573",1,2,5,43,49,"1,567",2,9,10,48,32,"1,577",2,8,15,51,24,"1,582",2,7,13,53,25,"1,582",6,15,22,41,16,"1,581",4,11,24,45,16,"1,575",6,26,25,36,7,"1,583",6,20,21,45,8,"1,576",12,33,23,27,5,"1,577",2,6,14,60,18,"1,576",5,13,18,47,17,"1,578",2,3,12,55,28,"1,576",1484,3.68,964,4,1177,4.18,1225,3.68037974683544,0.882448581228911,269,3.9987253027406,0.873357587790622,486,4.1792392005158,0.830146315225023,651,1567,3.95333333333333,542,0.35
"RA3","WESTON AREA HEALTH NHS TRUST",2017,1.0219,"Weston Area Health NHS Trust",71,17,11,"722",3,11,32,40,15,726,1,5,21,42,31,721,1,5,19,38,37,720,1,6,7,49,37,"727",1,3,6,41,50,"725",3,11,12,39,34,"722",2,9,20,48,22,"726",2,9,15,51,23,"726",8,20,23,34,16,"722",5,15,31,36,14,"722",8,26,29,31,6,"721",8,23,22,38,9,"716",22,35,22,18,3,"718",4,7,19,53,17,"718",7,17,20,41,16,"718",2,4,16,50,28,"716",722,3.56,399,3.97,526,4.05,540,3.52387448840382,0.972878240920729,109,3.97226074895978,0.898644979167088,224,4.05,0.91972663290609,266,722,3.86,311,0.43
"RA4","YEOVIL DISTRICT HOSPITAL NHS FOUNDATION TRUST",2017,0.9552,"Yeovil District Hospital NHS Foundation Trust",66,18,16,"1,282",1,8,30,45,16,1281,0,4,20,45,31,1273,1,3,18,38,40,1271,1,4,7,49,39,"1,285",0,2,4,45,48,"1,285",1,9,11,46,33,"1,283",2,7,18,50,23,"1,291",1,6,16,53,23,"1,288",6,17,25,37,15,"1,283",3,12,30,40,15,"1,288",5,21,29,37,8,"1,282",4,17,20,46,13,"1,285",11,30,25,28,6,"1,282",1,5,20,55,19,"1,279",4,13,19,46,18,"1,284",1,4,15,51,28,"1,280",1282,3.67,781,4.03,967,4.13,991,3.6703125,0.873048757020179,205,4.0298273155416,0.818514433264454,395,4.12903225806452,0.880604082960726,508,1275,3.94333333333333,424,0.33
"RA7","UNIVERSITY HOSPITALS BRISTOL NHS FOUNDATION TRUST",2017,1.0168,"University Hospitals Bristol NHS Foundation Trust",65,17,17,"3,716",2,8,33,43,14,3712,1,4,21,47,27,3685,1,3,19,39,38,3679,1,4,6,53,35,"3,726",1,2,5,46,47,"3,718",2,8,11,49,30,"3,718",2,8,16,53,21,"3,723",2,7,14,54,22,"3,720",6,16,23,39,16,"3,714",4,13,25,44,14,"3,706",7,25,27,35,5,"3,710",5,19,22,45,10,"3,712",13,30,23,28,5,"3,718",2,6,17,57,17,"3,707",6,17,20,42,15,"3,706",1,4,16,54,25,"3,710",3716,3.59,2116,3.95,2727,4.1,2833,3.59024784482759,0.895476065558922,520,3.95006784260516,0.853047879584787,995,4.10002718129927,0.877671482647343,1398,3692,3.88,1307,0.35
"RA9","TORBAY AND SOUTH DEVON NHS FOUNDATION TRUST",2017,0.9159,"Torbay and South Devon NHS Foundation Trust",62,18,20,"2,047",2,9,31,44,14,2152,1,4,22,42,31,2125,1,3,19,39,38,2119,1,5,8,51,35,"2,153",1,3,5,44,47,"2,147",2,9,12,46,30,"2,144",2,8,17,50,22,"2,161",3,8,15,51,23,"2,158",7,19,22,37,15,"2,156",5,15,26,40,13,"2,151",6,26,25,36,6,"2,140",7,19,21,43,9,"2,142",15,30,23,27,5,"2,150",3,7,18,56,16,"2,136",7,17,17,43,17,"2,146",2,5,14,53,25,"2,147",2047,3.59,1248,3.98,1551,4.1,1632,3.58968401486989,0.906788024410028,301,3.98023529411765,0.88276281606766,659,4.09957527135441,0.877800285777552,805,2132,3.89,757,0.36
"RAE","BRADFORD TEACHING HOSPITALS NHS FOUNDATION TRUST",2017,0.9305,"Bradford Teaching Hospitals NHS Foundation Trust",65,17,18,"2,002",2,8,29,43,18,2011,1,4,20,41,35,1993,1,3,19,36,41,2001,1,4,7,47,41,"1,987",1,2,5,37,56,"1,983",2,7,8,41,42,"1,981",2,8,16,49,25,"2,013",2,8,16,49,25,"2,009",6,15,24,36,18,"2,005",4,13,25,41,17,"2,005",5,22,23,41,9,"2,007",5,17,18,47,13,"2,005",17,31,20,26,6,"2,005",2,7,20,52,18,"1,997",7,15,19,41,18,"2,002",2,5,15,51,27,"2,008",2002,3.67,1227,4.08,1515,4.13,1541,3.67031327697663,0.92784930331892,362,4.03922542204568,0.889833619655856,698,4.13,0.890784344481978,820,2002,3.96,675,0.34
"RAJ","SOUTHEND UNIVERSITY HOSPITAL NHS FOUNDATION TRUST",2017,1.1152,"Southend University Hospital NHS Foundation Trust",69,15,16,"1,735",3,10,33,37,17,1750,1,5,22,40,32,1743,1,4,21,37,38,1740,1,5,8,47,39,"1,734",1,2,6,43,48,"1,723",3,11,10,43,33,"1,722",2,7,17,53,20,"1,756",3,7,15,55,21,"1,746",6,16,26,37,14,"1,745",4,14,27,43,13,"1,745",8,23,25,37,7,"1,748",6,19,20,45,10,"1,740",20,31,23,22,5,"1,736",2,8,16,57,17,"1,730",5,14,19,45,18,"1,734",2,4,14,53,27,"1,740",1735,3.55,945,3.97,1255,4.1,1305,3.55111364934323,0.983049287642074,298,3.97129735935706,0.909634710269693,558,4.0597609561753,0.909556044425407,661,1744,3.87333333333333,672,0.39
"RAL","ROYAL FREE LONDON NHS FOUNDATION TRUST",2017,0.8646,"Royal Free London NHS Foundation Trust",70,16,14,"4,094",2,9,29,39,21,4105,1,5,21,38,35,4059,1,3,17,33,45,4053,1,5,7,42,45,"4,099",1,2,5,38,53,"4,051",2,8,10,40,40,"4,056",3,9,15,50,24,"4,123",4,9,16,49,23,"4,107",9,18,23,35,15,"4,112",5,14,24,42,16,"4,102",7,20,24,38,11,"4,098",7,19,21,41,11,"4,102",17,29,23,25,6,"4,102",4,9,19,51,18,"4,079",7,14,21,41,16,"4,090",3,5,14,49,28,"4,098",4094,3.68,2463,4.01,2963,4.15,3161,3.68031189083821,0.96824667990215,862,4.00985464400099,0.922529711214188,1421,4.19137802143035,0.89629536634648,1824,4072,3.94666666666667,1671,0.41
"RAP","NORTH MIDDLESEX UNIVERSITY HOSPITAL NHS TRUST",2017,0.8558,"North Middlesex University Hospital NHS Trust",76,14,10,"1,144",2,7,30,35,25,1215,1,5,17,35,43,1201,1,3,18,33,45,1192,1,4,6,41,48,"1,223",1,2,4,38,55,"1,212",2,8,9,37,43,"1,216",3,7,15,50,25,"1,220",4,8,15,49,24,"1,221",10,16,23,36,15,"1,219",6,13,22,43,15,"1,217",7,19,25,37,11,"1,213",9,22,21,39,10,"1,215",19,30,25,21,5,"1,214",5,7,18,53,16,"1,206",8,15,18,43,16,"1,213",3,5,13,50,29,"1,215",1144,3.71,729,4.17,937,4.18,930,3.74875207986689,0.977738528224795,304,4.12871287128713,0.930233889095714,516,4.17869127516779,0.90010670063891,536,1203,4.02,541,0.46
"RAS","THE HILLINGDON HOSPITALS NHS FOUNDATION TRUST",2017,0.9448,"The Hillingdon Hospitals NHS Foundation Trust",69,14,16,"1,488",2,7,26,40,25,1540,1,4,19,36,40,1504,1,3,16,34,46,1494,1,2,7,42,48,"1,542",1,2,4,37,56,"1,521",2,6,9,42,41,"1,518",2,7,17,51,23,"1,544",3,8,17,50,23,"1,544",7,17,25,37,15,"1,542",3,13,27,43,14,"1,539",6,20,27,37,10,"1,530",9,20,23,40,9,"1,531",16,29,23,26,5,"1,535",3,7,22,52,16,"1,534",7,15,21,44,13,"1,534",2,4,16,49,28,"1,533",1488,3.79,1001,4.1,1143,4.21,1195,3.78961038961039,0.963206742875908,385,4.10039893617021,0.911171064258617,602,4.2095046854083,0.887294039370384,687,1513,4.03333333333333,531,0.35
"RAX","KINGSTON HOSPITAL NHS FOUNDATION TRUST",2017,0.8574,"Kingston Hospital NHS Foundation Trust",70,16,13,"1,413",2,8,28,44,19,1529,1,4,18,41,35,1510,1,3,17,36,43,1505,1,3,7,46,44,"1,539",1,2,5,41,52,"1,528",1,6,10,46,37,"1,528",2,7,15,51,26,"1,534",2,7,14,50,27,"1,531",5,14,21,41,19,"1,531",3,10,25,45,17,"1,529",4,20,26,41,9,"1,522",5,17,20,48,10,"1,524",11,28,24,31,7,"1,527",2,6,16,58,19,"1,519",5,13,16,46,20,"1,526",2,3,15,52,28,"1,532",1413,3.73,963,4.02,1148,4.17,1189,3.69320388349515,0.931799557314134,291,4.06091030789826,0.885038687035433,528,4.17009966777409,0.883678273237294,647,1515,3.97333333333333,571,0.38
"RBA","TAUNTON AND SOMERSET NHS FOUNDATION TRUST",2017,0.8907,"Taunton and Somerset NHS Foundation Trust",68,16,16,"1,696",2,7,30,44,17,1736,1,4,18,44,34,1729,0,3,18,40,39,1725,1,3,6,50,39,"1,732",1,1,5,45,49,"1,730",1,6,10,49,33,"1,729",2,8,15,50,24,"1,734",2,7,14,53,25,"1,736",5,16,23,39,16,"1,730",3,11,27,44,15,"1,736",5,21,26,42,7,"1,737",4,16,19,49,12,"1,733",11,31,24,28,5,"1,733",1,5,18,57,19,"1,730",5,13,19,45,18,"1,735",1,4,13,53,29,"1,734",1696,3.67,1059,4.09,1349,4.15,1363,3.66896948762234,0.907171077415828,295,4.0504009163803,0.870913204929544,588,4.15014492753623,0.817483144340487,673,1730,3.97,574,0.33
"RBD","DORSET COUNTY HOSPITAL NHS FOUNDATION TRUST",2017,1.1382,"Dorset County Hospital NHS Foundation Trust",67,20,13,"1,312",2,7,30,44,16,1316,1,4,21,44,31,1308,1,2,19,37,41,1306,1,3,8,52,37,"1,321",1,2,5,45,48,"1,318",1,8,11,47,32,"1,316",2,6,18,52,22,"1,320",2,6,16,53,23,"1,319",5,15,24,39,16,"1,320",3,12,29,42,14,"1,319",6,25,28,35,5,"1,314",5,21,22,44,8,"1,319",14,36,24,22,4,"1,316",2,5,17,59,17,"1,317",6,15,18,44,17,"1,316",1,4,14,55,26,"1,316",1312,3.62,790,4.03,981,4.15,1019,3.65771297006907,0.900307160697264,211,3.99015897047691,0.872505998336679,405,4.15019157088123,0.864502078447792,535,1310,3.93333333333333,435,0.33
"RBK","WALSALL HEALTHCARE NHS TRUST",2017,1.0966,"Walsall Healthcare NHS Trust",66,18,16,"1,507",3,12,34,37,14,1516,1,6,23,39,30,1501,1,4,20,35,40,1509,2,6,8,50,35,"1,509",1,4,5,44,46,"1,500",4,11,11,44,30,"1,500",3,12,17,51,18,"1,519",3,9,17,50,21,"1,519",8,19,21,37,15,"1,516",5,15,26,40,13,"1,510",8,25,26,35,6,"1,511",11,24,20,38,7,"1,507",21,33,20,22,3,"1,508",3,8,19,54,15,"1,502",6,14,17,45,19,"1,508",3,5,16,52,24,"1,512",1507,3.47,773,3.88,1036,4.09,1132,3.47062706270627,0.973710882460742,212,3.91919191919192,0.928836848450673,450,4.090788601723,0.917181257943621,604,1509,3.81333333333333,637,0.42
"RBL","WIRRAL UNIVERSITY TEACHING HOSPITAL NHS FOUNDATION TRUST",2017,0.9556,"Wirral University Teaching Hospital NHS Foundation Trust",62,19,19,"377",3,10,34,39,14,377,1,3,22,36,37,375,1,3,17,33,46,374,0,3,8,50,39,"376",1,3,6,44,47,"375",2,12,9,42,35,"373",2,8,22,49,18,"376",2,10,19,51,19,"377",6,22,27,33,12,"376",3,15,32,37,13,"379",5,29,25,35,6,"376",7,22,20,41,10,"376",21,27,22,26,5,"374",3,8,22,52,15,"376",9,17,23,38,13,"373",3,5,24,49,20,"373",377,3.51,200,4.02,274,4.2,295,3.51193633952255,0.953989783265452,53,4.06199460916442,0.899810977131005,139,4.19786096256685,0.898849859035765,172,375,3.91,133,0.35
"RBN","ST HELENS AND KNOWSLEY HOSPITAL SERVICES NHS TRUST",2017,1.0165,"St Helens and Knowsley Teaching Hospitals NHS Trust",65,14,21,"620",1,8,33,39,19,621,1,5,18,39,38,615,1,3,16,37,43,615,0,3,4,41,51,"624",1,2,3,33,61,"624",1,6,6,40,47,"623",1,7,15,51,26,"624",2,7,15,50,26,"623",6,17,25,33,18,"623",4,14,27,39,17,"621",4,20,21,43,12,"625",3,13,13,49,21,"623",13,24,19,32,11,"626",2,5,17,51,25,"623",5,14,17,41,23,"624",1,5,13,48,33,"622",620,3.67,360,4.11,474,4.18,492,3.66988727858293,0.906363606547278,118,4.06913183279743,0.915097322587219,234,4.18241042345277,0.87335959733281,264,617,3.98666666666667,174,0.28
"RBT","MID CHESHIRE HOSPITALS NHS FOUNDATION TRUST",2017,1.0412,"Mid Cheshire Hospitals NHS Foundation Trust",65,16,20,"666",3,8,31,44,14,667,1,3,24,40,32,671,1,2,20,35,42,670,1,3,4,46,46,"672",0,1,4,41,54,"672",1,6,9,41,43,"668",2,7,18,51,21,"671",2,6,16,55,21,"673",6,18,25,37,15,"673",4,13,28,40,15,"673",5,20,23,42,9,"670",6,18,21,43,13,"672",12,28,23,29,8,"670",2,4,16,58,20,"669",8,18,16,42,16,"671",1,5,16,54,25,"669",666,3.58,387,3.99,483,4.15,516,3.57957957957958,0.929291331807121,93,3.98956780923994,0.880066970539089,215,4.14947683109118,0.878086785307273,281,669,3.90666666666667,201,0.3
"RBZ","NORTHERN DEVON HEALTHCARE NHS TRUST",2017,1.0771,"Northern Devon Healthcare NHS Trust",64,18,18,"1,134",1,8,29,46,16,1143,1,3,18,42,36,1154,1,2,17,42,38,1148,1,5,5,47,43,"1,148",1,1,3,38,56,"1,150",1,7,9,42,40,"1,150",1,6,16,50,27,"1,153",1,5,11,51,31,"1,152",5,14,23,37,22,"1,147",2,10,25,42,21,"1,155",6,24,24,39,7,"1,150",3,14,17,52,14,"1,151",13,28,24,29,6,"1,154",1,5,15,55,23,"1,149",5,13,16,41,25,"1,154",1,2,13,51,32,"1,153",1134,3.68,709,4.09,900,4.14,918,3.68213660245184,0.868988344029776,183,4.08744588744589,0.864356767565349,415,4.14123801220575,0.835052036722108,436,1148,3.97,413,0.36
"RC1","BEDFORD HOSPITAL NHS TRUST",2017,1.026,"Bedford Hospital NHS Trust",72,15,12,"442",2,9,27,39,23,465,0,6,19,35,40,455,0,5,14,36,44,454,0,3,6,45,45,"466",1,2,5,41,51,"458",2,9,8,40,41,"462",2,8,18,53,19,"467",1,7,19,52,20,"467",5,20,25,37,14,"467",3,13,30,39,14,"465",5,19,26,40,10,"465",3,17,21,45,14,"466",15,27,24,27,7,"465",2,7,21,54,17,"467",7,17,18,41,17,"466",1,6,16,50,26,"465",442,3.72,288,4.09,341,4.16,363,3.72043010752688,0.980033332009786,107,4.09251101321586,0.906335972485882,182,4.2,0.8676312375458,200,458,3.99,179,0.4
"RC9","LUTON AND DUNSTABLE UNIVERSITY HOSPITAL NHS FOUNDATION TRUST",2017,1.0702,"Luton and Dunstable University Hospital NHS Foundation Trust",74,13,13,"2,092",2,7,28,42,21,2104,1,4,18,41,36,2082,1,3,17,35,44,2074,1,3,6,46,44,"2,108",1,1,4,41,53,"2,100",1,6,9,43,41,"2,101",2,6,16,53,23,"2,103",2,6,16,52,24,"2,109",5,14,26,39,17,"2,105",3,11,26,43,16,"2,102",5,20,27,39,10,"2,099",4,14,20,48,15,"2,099",17,31,23,23,5,"2,093",2,5,19,56,18,"2,099",5,13,20,43,18,"2,098",1,4,16,50,29,"2,096",2092,3.73,1326,4.07,1603,4.18,1638,3.73051330798479,0.936449787892357,442,4.07009121459433,0.886380751718425,750,4.17975903614458,0.888138345143812,913,2087,3.99333333333333,757,0.36
"RCB","YORK TEACHING HOSPITAL NHS FOUNDATION TRUST",2017,0.9889,"York Teaching Hospital NHS Foundation Trust",68,17,15,"4,064",3,9,32,42,14,4087,1,4,22,43,30,4054,1,3,20,38,38,4042,1,4,7,53,35,"4,098",1,2,5,47,46,"4,099",2,9,10,46,33,"4,085",2,9,18,52,20,"4,096",2,7,16,54,20,"4,098",7,19,24,37,13,"4,096",4,16,29,39,12,"4,092",6,24,25,38,6,"4,089",6,23,21,42,8,"4,085",16,30,23,26,5,"4,078",2,6,18,56,17,"4,079",8,17,19,41,15,"4,083",2,4,16,53,24,"4,077",4064,3.55,2289,3.97,2959,4.09,3072,3.54965753424658,0.942423656879034,572,3.96965959546127,0.877560843958235,1216,4.090571640683,0.883687534309815,1536,4061,3.87,1388,0.34
"RCD","HARROGATE AND DISTRICT NHS FOUNDATION TRUST",2017,0.9044,"Harrogate and District NHS Foundation Trust",71,16,12,"610",3,7,30,45,15,633,1,4,20,42,34,624,0,3,18,32,46,622,1,4,7,49,39,"634",0,2,5,43,50,"633",2,10,10,46,32,"631",2,10,14,51,23,"631",2,9,12,52,26,"632",6,17,20,39,17,"631",3,16,23,42,15,"632",8,27,24,35,7,"634",10,20,20,42,9,"632",21,32,19,24,4,"628",2,6,14,56,21,"631",7,14,13,46,20,"629",2,4,13,48,34,"630",610,3.62,380,4.07,474,4.18,485,3.62085308056872,0.925213573818497,95,4.03015873015873,0.883002343437812,212,4.22077922077922,0.849652273182165,286,626,3.95666666666667,239,0.38
"RCF","AIREDALE NHS FOUNDATION TRUST",2017,0.9862,"Airedale NHS Foundation Trust",61,23,16,"1,168",2,9,31,41,17,1242,1,3,20,44,32,1222,2,3,17,36,43,1210,1,5,7,50,37,"1,242",1,2,5,45,47,"1,231",3,9,11,46,31,"1,234",2,7,17,50,24,"1,246",2,7,13,53,25,"1,244",6,14,24,38,19,"1,243",3,13,25,42,16,"1,240",8,26,24,35,8,"1,235",8,23,20,41,8,"1,233",19,33,21,22,5,"1,240",2,7,18,54,18,"1,238",5,14,16,47,19,"1,240",2,3,13,54,27,"1,243",1168,3.62,720,4.03,929,4.18,956,3.61916264090177,0.936700851075169,211,4.03027823240589,0.853704988585408,391,4.13911620294599,0.932773134866968,520,1225,3.94333333333333,417,0.34
"RCX","THE QUEEN ELIZABETH HOSPITAL, KING'S LYNN, NHS FOUNDATION TRUST",2017,0.9822,"The Queen Elizabeth Hospital King's Lynn NHS Foundation Trust",71,15,14,"1,411",2,10,29,41,18,1421,1,4,20,40,35,1410,1,3,18,35,43,1408,1,4,5,45,45,"1,423",1,2,4,39,54,"1,423",2,7,10,40,40,"1,418",2,8,18,51,22,"1,421",2,8,14,56,20,"1,421",6,17,25,37,14,"1,422",4,15,27,41,13,"1,418",6,21,28,38,8,"1,419",5,21,22,41,10,"1,418",19,33,21,22,6,"1,418",2,8,21,54,15,"1,418",9,17,20,40,14,"1,417",2,6,17,51,24,"1,418",1411,3.63,838,4.04,1058,4.16,1098,3.63124560168895,0.954888348050684,256,4.04113475177305,0.893003394980804,494,4.16062544420753,0.890801199940738,605,1413,3.94333333333333,511,0.36
"RD1","ROYAL UNITED HOSPITALS BATH NHS FOUNDATION TRUST",2017,0.9888,"Royal United Hospitals Bath NHS Foundation Trust",66,18,16,"2,241",2,9,31,42,16,2250,1,3,22,45,29,2240,1,3,17,38,41,2239,1,3,7,50,39,"2,258",1,2,6,45,47,"2,252",2,10,11,46,31,"2,255",2,8,18,51,21,"2,265",2,7,15,55,21,"2,257",5,18,25,38,15,"2,258",3,14,29,41,14,"2,251",7,26,25,35,6,"2,254",7,21,23,41,8,"2,255",20,31,22,23,4,"2,252",2,6,19,56,16,"2,246",6,17,20,41,15,"2,253",2,4,18,52,24,"2,252",2241,3.61,1305,3.98,1658,4.15,1769,3.61022222222222,0.926168373640133,360,3.98080357142857,0.847499686391077,650,4.15051362215275,0.875206323008985,918,2243,3.91333333333333,767,0.34
"RD3","POOLE HOSPITAL NHS FOUNDATION TRUST",2017,0.8642,"Poole Hospital NHS Foundation Trust",74,15,12,"1,822",2,7,27,46,18,1821,0,3,17,44,36,1811,1,3,16,38,42,1810,1,4,5,46,45,"1,823",1,1,4,40,54,"1,821",2,7,10,44,37,"1,820",2,6,15,52,26,"1,829",2,6,14,52,26,"1,830",5,15,23,40,16,"1,830",4,12,26,45,14,"1,825",6,23,26,38,7,"1,824",5,18,20,47,10,"1,822",15,31,23,26,5,"1,827",2,5,16,58,19,"1,826",6,15,18,43,19,"1,826",2,3,14,52,30,"1,823",1822,3.71,1165,4.13,1449,4.17,1448,3.7111477210324,0.907860575677677,328,4.13031474323578,0.795444807839255,652,4.17016574585635,0.872017209359829,760,1814,4.00333333333333,639,0.35
"RD8","MILTON KEYNES UNIVERSITY HOSPITAL NHS FOUNDATION TRUST",2017,0.9361,"Milton Keynes University Hospital NHS Foundation Trust",64,17,19,"1,404",2,9,30,39,20,1406,1,4,20,40,34,1382,1,3,21,35,40,1333,1,5,7,47,41,"1,376",1,3,5,40,52,"1,355",2,8,9,42,39,"1,402",2,7,18,50,22,"1,406",2,8,16,51,24,"1,408",6,17,24,37,16,"1,408",4,13,27,40,16,"1,397",6,19,27,39,9,"1,400",6,17,21,45,12,"1,408",15,31,24,23,7,"1,403",4,8,20,52,17,"1,400",7,15,20,41,17,"1,401",3,3,18,50,26,"1,399",1404,3.66,830,3.99,1023,4.1,1000,3.65931721194879,0.961838743420178,281,4.03070175438596,0.893244796518584,470,4.10052513128282,0.899002463698411,533,1374,3.91666666666667,514,0.37
"RDD","BASILDON AND THURROCK UNIVERSITY HOSPITALS NHS FOUNDATION TRUST",2017,1.0826,"Basildon and Thurrock University Hospitals NHS Foundation Trust",71,16,13,"2,200",3,8,30,40,19,2209,1,4,20,39,36,2193,1,3,21,35,39,2183,1,4,7,47,41,"2,191",1,1,5,44,50,"2,177",2,7,9,42,39,"2,181",2,7,18,53,20,"2,214",2,8,17,53,20,"2,218",6,18,28,36,13,"2,199",4,13,29,41,13,"2,193",5,20,26,41,9,"2,203",7,18,18,45,11,"2,197",18,31,22,23,5,"2,203",3,6,22,53,17,"2,187",8,15,20,42,14,"2,199",3,5,14,53,25,"2,207",2200,3.64,1303,4.05,1645,4.05,1615,3.64027149321267,0.974787608374978,420,4.04924760601915,0.89928024203695,789,4.0912037037037,0.900062493422508,851,2195,3.91333333333333,874,0.4
"RDE","COLCHESTER HOSPITAL UNIVERSITY NHS FOUNDATION TRUST",2017,1.1427,"Colchester Hospital University NHS Foundation Trust",64,18,18,"1,562",3,10,29,42,15,1560,1,5,21,39,34,1556,1,3,19,35,42,1549,1,5,7,48,39,"1,535",1,3,5,43,49,"1,528",2,10,12,45,31,"1,528",3,9,19,48,20,"1,570",3,9,16,51,21,"1,566",8,21,22,35,14,"1,560",5,16,25,40,13,"1,561",8,26,26,34,7,"1,562",7,20,20,44,9,"1,563",22,33,21,21,3,"1,558",2,7,19,55,16,"1,551",7,16,19,42,16,"1,559",2,5,15,52,26,"1,559",1562,3.53,889,4,1136,4.14,1193,3.56541450777202,0.966514250110958,234,3.99871547848426,0.918251604742648,529,4.1421188630491,0.892667048976914,651,1555,3.89,587,0.38
"RDU","FRIMLEY HEALTH NHS FOUNDATION TRUST",2017,0.918,"Frimley Health NHS Foundation Trust",67,15,17,"3,200",2,7,26,43,22,3441,1,4,18,40,37,3369,1,3,16,37,43,3362,1,4,5,46,44,"3,427",1,2,5,42,51,"3,385",2,6,9,45,39,"3,413",2,6,17,52,22,"3,442",2,7,16,52,23,"3,437",6,16,24,38,16,"3,435",4,11,25,44,15,"3,437",5,18,26,41,9,"3,424",4,14,18,51,12,"3,421",12,27,25,30,6,"3,424",2,6,16,59,18,"3,416",6,13,17,46,17,"3,421",2,4,14,53,26,"3,428",3200,3.76,2237,4.08,2594,4.18,2690,3.75973271353864,0.939664707695072,757,4.07982195845697,0.891490041928426,1247,4.17960154623848,0.876950645636119,1446,3391,4.00666666666667,1108,0.33
"RDZ","THE ROYAL BOURNEMOUTH AND CHRISTCHURCH HOSPITALS NHS FOUNDATION TRUST",2017,0.972,"The Royal Bournemouth and Christchurch Hospitals NHS Foundation Trust",65,18,17,"1,910",2,6,26,47,20,2029,1,3,18,43,35,1999,1,3,17,39,41,1988,0,3,5,50,42,"2,033",0,1,3,42,53,"2,021",1,5,9,48,37,"2,019",2,6,14,53,26,"2,036",2,5,11,55,27,"2,038",4,13,22,44,17,"2,034",2,10,24,46,18,"2,030",4,21,25,43,8,"2,028",3,13,18,53,13,"2,027",8,28,24,34,8,"2,025",2,4,15,58,21,"2,031",4,12,18,47,20,"2,029",1,4,13,54,28,"2,032",1910,3.8,1359,4.08,1559,4.19,1590,3.76157971721112,0.903762455763097,406,4.08,0.856718730676379,700,4.14790836653386,0.872851113214209,815,2005,4.02333333333333,662,0.33
"RE9","SOUTH TYNESIDE NHS FOUNDATION TRUST",2017,1.201,"South Tyneside NHS Foundation Trust",71,15,14,"1,464",3,12,34,37,14,1589,2,6,25,39,29,1563,1,3,18,36,41,1561,2,5,9,47,37,"1,595",1,3,7,44,45,"1,582",2,9,11,46,33,"1,589",4,10,20,46,20,"1,600",3,10,17,48,22,"1,598",8,22,25,32,14,"1,596",5,16,28,39,13,"1,590",7,24,24,38,8,"1,584",5,16,19,48,11,"1,590",14,28,23,29,6,"1,592",3,7,18,55,17,"1,587",6,14,17,46,18,"1,585",2,7,17,53,22,"1,590",1464,3.47,810,3.9,1063,4.1,1202,3.46884833228446,0.975037295820967,222,3.86130462317923,0.964721737455966,453,4.14036222509702,0.889544226104992,640,1571,3.82333333333333,576,0.37
"REF","ROYAL CORNWALL HOSPITALS NHS TRUST",2017,0.9696,"Royal Cornwall Hospitals NHS Trust",65,17,18,"2,840",3,9,32,43,13,2850,1,5,21,43,30,2836,1,3,19,39,38,2825,1,5,7,53,34,"2,821",1,3,6,47,44,"2,813",2,12,12,48,26,"2,816",2,9,18,52,19,"2,853",3,8,14,55,20,"2,846",7,18,24,38,14,"2,846",5,14,29,40,13,"2,839",9,28,26,32,5,"2,840",6,19,19,45,9,"2,832",19,33,22,22,4,"2,835",2,7,17,57,17,"2,825",7,17,18,41,17,"2,832",2,4,14,52,27,"2,836",2840,3.54,1596,3.96,2070,4.1,2175,3.53964912280702,0.932246622909341,370,3.96015514809591,0.893341532722151,851,4.1001415428167,0.877377416167647,1074,2837,3.86666666666667,1045,0.37
"REM","AINTREE UNIVERSITY HOSPITAL NHS FOUNDATION TRUST",2017,0.9882,"Aintree University Hospital NHS Foundation Trust",68,15,17,"2,116",3,11,34,37,14,2274,1,5,23,40,31,2218,1,3,21,35,39,2200,1,4,6,49,39,"2,279",1,2,5,45,47,"2,245",2,7,10,45,36,"2,251",3,9,20,51,17,"2,294",4,8,16,55,17,"2,285",7,17,26,38,12,"2,283",5,15,27,42,12,"2,286",6,20,23,42,8,"2,278",5,16,19,50,10,"2,274",16,29,22,26,6,"2,285",3,6,20,56,14,"2,281",8,15,20,44,13,"2,284",3,5,17,54,21,"2,285",2116,3.45,1160,3.95,1575,4.05,1628,3.48488888888889,0.967682829645934,318,3.95040577096483,0.909664601062315,688,4.09090909090909,0.900160757347,858,2231,3.81666666666667,807,0.36
"RF4","BARKING, HAVERING AND REDBRIDGE UNIVERSITY HOSPITALS NHS TRUST",2017,1.0232,"Barking, Havering And Redbridge University Hospitals NHS Trust",70,15,14,"2,641",3,8,30,36,23,2822,1,4,19,34,42,2760,1,4,19,33,43,2713,1,3,6,44,46,"2,793",1,2,5,40,52,"2,760",2,7,9,40,42,"2,805",3,8,17,51,21,"2,836",3,8,15,53,21,"2,828",7,18,23,37,15,"2,821",5,13,26,41,15,"2,820",6,19,26,38,12,"2,819",9,21,23,37,10,"2,810",14,29,25,26,7,"2,816",3,7,19,53,18,"2,804",6,13,17,46,18,"2,817",3,5,15,50,27,"2,822",2641,3.68,1665,4.12,2098,4.13,2062,3.67941905773999,1.00932474695229,649,4.11997100398695,0.92018095724851,1159,4.13011426465168,0.923926001826055,1167,2765,3.97666666666667,1056,0.38
"RFF","BARNSLEY HOSPITAL NHS FOUNDATION TRUST",2017,1.0147,"Barnsley Hospital NHS Foundation Trust",69,17,14,"1,236",4,11,32,39,13,1307,1,5,23,39,32,1295,1,4,21,36,38,1290,1,5,8,49,37,"1,311",1,2,5,47,45,"1,306",3,10,11,46,29,"1,307",3,8,15,50,24,"1,311",2,9,16,51,22,"1,310",7,18,23,36,16,"1,311",4,13,29,39,15,"1,310",7,23,27,36,7,"1,309",6,20,18,45,10,"1,310",17,29,22,25,7,"1,303",3,6,17,56,18,"1,307",6,14,17,45,19,"1,305",2,4,13,57,23,"1,308",1236,3.43,680,3.96,919,4.06,955,3.46522411128284,0.987914239042441,170,3.95907335907336,0.916460704334647,414,4.05891472868217,0.915991232718686,490,1297,3.81666666666667,530,0.41
"RFR","THE ROTHERHAM NHS FOUNDATION TRUST",2017,1.0904,"The Rotherham NHS Foundation Trust",63,19,18,"1,646",4,12,35,38,12,1722,1,6,24,40,29,1691,2,3,21,36,38,1669,1,6,7,50,36,"1,703",1,3,6,44,47,"1,689",2,10,12,45,31,"1,713",4,10,18,49,18,"1,714",3,9,18,51,19,"1,716",8,19,25,34,14,"1,719",6,16,28,38,11,"1,706",8,27,26,33,6,"1,706",8,21,19,43,9,"1,704",21,31,23,21,4,"1,712",3,8,21,55,13,"1,719",8,17,19,41,15,"1,714",3,5,18,53,22,"1,714",1646,3.45,861,3.9,1167,4.05,1235,3.41551724137931,0.978368992389365,207,3.9,0.922098926276428,490,4.05095923261391,0.941182189777208,634,1694,3.8,658,0.39
"RFS","CHESTERFIELD ROYAL HOSPITAL NHS FOUNDATION TRUST",2017,1.019,"Chesterfield Royal Hospital NHS Foundation Trust",73,14,13,"2,392",3,10,36,40,11,2397,1,4,23,44,29,2364,1,3,17,37,42,2297,1,4,8,52,36,"2,320",1,2,5,46,46,"2,285",2,11,12,45,30,"2,383",2,9,21,49,18,"2,389",3,9,20,51,17,"2,383",6,22,26,34,12,"2,382",4,19,31,35,11,"2,381",8,27,26,34,5,"2,379",9,24,18,40,9,"2,390",20,36,20,20,3,"2,386",2,7,22,54,14,"2,386",7,16,21,42,14,"2,375",2,5,18,51,24,"2,381",2392,3.46,1222,3.99,1726,4.16,1815,3.45996663886572,0.921548640654774,264,3.94976977814985,0.873001995796199,686,4.16020896821942,0.880252552178294,965,2353,3.87,974,0.41
"RGN","NORTH WEST ANGLIA NHS FOUNDATION TRUST",2017,1.0785,"North West Anglia NHS Foundation Trust",67,16,17,"466",2,9,27,43,19,467,0,4,20,41,35,463,2,2,18,36,41,466,1,4,5,48,42,"466",0,2,5,43,50,"466",2,7,9,43,39,"466",2,9,20,49,20,"466",2,9,18,52,19,"466",8,19,25,35,14,"466",4,14,29,41,12,"464",5,20,28,38,8,"464",5,17,18,48,12,"465",15,31,25,22,7,"467",4,8,18,49,21,"465",9,16,21,36,19,"464",2,6,20,45,26,"466",466,3.68,290,4.07,352,4.09,359,3.6830835117773,0.946074291994128,89,4.06681034482759,0.842869826810018,162,4.13449023861171,0.913261719245524,191,465,3.94666666666667,167,0.36
"RGP","JAMES PAGET UNIVERSITY HOSPITALS NHS FOUNDATION TRUST",2017,1.1768,"James Paget University Hospitals NHS Foundation Trust",71,17,12,"523",3,7,31,42,17,522,1,2,22,41,33,521,1,3,23,37,36,521,1,4,5,49,41,"522",1,2,4,41,52,"521",2,7,6,46,39,"521",2,7,18,55,18,"521",2,4,21,56,17,"524",5,17,28,39,11,"524",3,11,34,39,12,"522",5,20,24,42,9,"522",5,13,21,46,14,"522",14,32,22,27,5,"522",3,5,17,58,17,"522",8,18,21,38,15,"524",2,4,15,54,24,"524",523,3.63,308,4,386,4.04,380,3.62715105162524,0.949182401822204,89,4.04263565891473,0.848827878882811,172,4.04022988505747,0.893735043002015,188,521,3.89,157,0.3
"RGQ","IPSWICH HOSPITAL NHS TRUST",2017,1.0501,"The Ipswich Hospital NHS Trust",68,16,16,"1,912",1,7,30,44,17,1922,0,3,19,43,34,1919,0,2,18,38,41,1915,1,3,6,52,37,"1,900",0,1,4,43,51,"1,893",1,8,10,48,33,"1,896",1,7,18,53,22,"1,924",2,5,15,55,24,"1,921",4,15,23,41,16,"1,922",3,11,26,44,15,"1,911",5,25,28,36,6,"1,920",5,18,22,46,9,"1,911",13,36,23,24,4,"1,913",2,6,16,58,18,"1,898",6,15,19,44,16,"1,913",1,3,16,52,28,"1,915",1912,3.66,1172,4.05,1478,4.15,1513,3.69695378151261,0.869928009032953,327,4.09,0.805984070079363,652,4.19198312236287,0.799775081660674,785,1919,3.95333333333333,664,0.35
"RGR","WEST SUFFOLK NHS FOUNDATION TRUST",2017,0.8853,"West Suffolk NHS Foundation Trust",71,15,14,"576",1,8,27,46,18,591,0,4,20,43,33,586,1,3,17,35,44,579,0,3,5,43,49,"586",0,1,3,36,60,"576",1,7,9,44,39,"591",1,6,18,50,25,"592",1,9,14,49,27,"593",5,17,22,39,17,"594",3,15,23,42,16,"594",4,21,24,43,8,"590",3,15,17,51,14,"589",11,27,25,31,7,"590",2,5,15,59,19,"594",5,16,21,41,18,"590",1,3,18,52,26,"596",576,3.72,378,4.05,445,4.18,457,3.71912013536379,0.884301833652209,106,4.05128205128205,0.828083215887233,193,4.18134715025907,0.888175445220554,255,585,3.98333333333333,195,0.33
"RGT","CAMBRIDGE UNIVERSITY HOSPITALS NHS FOUNDATION TRUST",2017,0.8651,"Cambridge University Hospitals NHS Foundation Trust",62,15,22,"4,096",2,8,30,44,16,4560,1,4,20,44,31,4487,1,4,21,39,35,4486,1,4,6,51,38,"4,581",1,3,6,47,44,"4,551",1,7,10,50,32,"4,546",2,8,17,52,20,"4,572",2,7,15,55,20,"4,570",6,16,25,39,14,"4,563",4,13,27,44,13,"4,557",6,21,25,40,8,"4,545",7,21,21,43,9,"4,540",15,31,22,27,5,"4,549",3,7,18,57,15,"4,536",6,15,19,46,14,"4,531",2,4,15,54,25,"4,557",4096,3.64,2736,4,3365,4.03,3320,3.64013157894737,0.911342568798375,730,4.00022291573785,0.871830910483012,1391,4.0300936246099,0.899515212017306,1570,4511,3.89,1511,0.34
"RH8","ROYAL DEVON AND EXETER NHS FOUNDATION TRUST",2017,1.1132,"Royal Devon and Exeter NHS Foundation Trust",67,18,16,"3,711",2,7,31,45,15,3947,1,3,20,45,32,3898,1,2,16,39,41,3882,1,4,7,51,38,"3,951",1,1,5,45,48,"3,929",1,7,11,50,31,"3,929",2,7,16,54,21,"3,954",2,6,13,57,22,"3,952",5,15,25,42,14,"3,949",3,12,27,46,12,"3,951",5,24,24,40,6,"3,942",4,18,20,48,10,"3,933",11,28,25,30,5,"3,944",2,6,15,60,17,"3,934",5,13,18,48,17,"3,935",1,3,13,55,28,"3,949",3711,3.64,2368,4.07,3001,4.14,3106,3.6399797314416,0.889114663892992,592,4.02946405892812,0.849823954922935,1247,4.18158168574402,0.845809185382376,1592,3909,3.95,1252,0.32
"RHM","UNIVERSITY HOSPITAL SOUTHAMPTON NHS FOUNDATION TRUST",2017,0.9452,"University Hospital Southampton NHS Foundation Trust",70,16,15,"4,431",1,7,28,47,18,4703,1,3,18,45,33,4664,1,3,17,40,39,4652,1,3,7,49,41,"4,706",0,2,5,43,50,"4,682",1,7,11,50,32,"4,684",1,6,14,54,25,"4,705",1,5,14,54,25,"4,705",4,14,23,41,17,"4,700",2,11,25,46,16,"4,692",5,22,26,40,7,"4,687",5,18,20,46,11,"4,688",12,29,25,28,6,"4,688",2,5,16,58,20,"4,681",5,14,19,46,16,"4,691",1,3,13,54,29,"4,702",4431,3.77,3057,4.06,3638,4.13,3675,3.73284210526316,0.866296059814997,847,4.05959271168274,0.846928820835995,1539,4.12937889533634,0.868641855205899,1814,4673,3.98666666666667,1606,0.35
"RHQ","SHEFFIELD TEACHING HOSPITALS NHS FOUNDATION TRUST",2017,0.9536,"Sheffield Teaching Hospitals NHS Foundation Trust",63,19,18,"6,797",3,10,34,40,14,7180,1,4,23,42,30,7120,1,4,20,38,37,7134,1,4,7,50,38,"7,213",1,2,6,44,48,"7,177",2,8,10,46,35,"7,188",2,9,18,51,21,"7,187",2,9,17,51,21,"7,189",6,19,25,36,14,"7,163",4,15,29,39,13,"7,169",6,22,25,40,7,"7,172",4,17,18,50,11,"7,166",14,29,22,30,6,"7,174",2,6,18,57,17,"7,149",6,17,19,43,15,"7,163",2,5,15,53,25,"7,176",6797,3.55,3877,3.96,5126,4.06,5350,3.51496345331678,0.950290443101667,1005,3.95997191011236,0.882282727589955,2136,4.06027474067844,0.903292562959581,2640,7145,3.85666666666667,2582,0.36
"RHU","PORTSMOUTH HOSPITALS NHS TRUST",2017,1.0571,"Portsmouth Hospitals NHS Trust",71,13,15,"4,175",2,8,31,44,15,4189,0,3,21,45,31,4157,1,3,20,39,37,4149,0,3,5,50,40,"4,194",1,1,5,45,48,"4,189",2,8,11,46,34,"4,184",1,7,17,52,23,"4,194",2,6,15,54,23,"4,196",5,16,26,38,16,"4,187",3,12,29,42,14,"4,181",5,23,28,37,7,"4,189",7,23,22,39,9,"4,192",16,33,25,21,5,"4,183",2,5,18,57,18,"4,187",6,15,19,43,17,"4,179",1,4,15,53,27,"4,185",4175,3.62,2472,4.04,3159,4.08,3153,3.61971830985915,0.903301181632511,628,4.03992303992304,0.799231765994109,1289,4.08052073288332,0.878857863509764,1535,4165,3.91333333333333,1425,0.34
"RHW","ROYAL BERKSHIRE NHS FOUNDATION TRUST",2017,1.0552,"Royal Berkshire NHS Foundation Trust",67,18,15,"2,045",2,8,28,39,23,2199,2,3,21,37,36,2156,2,3,19,36,41,2148,1,3,5,46,45,"2,196",1,2,4,41,52,"2,172",2,7,9,44,40,"2,188",2,7,17,52,22,"2,198",2,7,16,51,24,"2,201",6,17,23,37,17,"2,203",4,12,24,43,17,"2,202",6,18,25,42,9,"2,192",6,16,20,47,11,"2,187",16,27,22,29,6,"2,191",2,6,17,58,18,"2,190",5,14,19,45,16,"2,187",2,5,14,53,27,"2,199",2045,3.73,1363,3.99,1574,4.14,1654,3.73,0.968259339355528,506,4.02997658079625,0.937123932402166,776,4.09958506224066,0.938734335406183,881,2168,3.95333333333333,666,0.31
"RJ1","GUY'S AND ST THOMAS' NHS FOUNDATION TRUST",2017,0.7204,"Guy's and St Thomas' NHS Foundation Trust",63,18,19,"5,313",2,7,26,42,23,5337,1,4,19,41,35,5283,1,3,17,34,44,5259,1,4,6,45,44,"5,313",1,2,5,38,54,"5,269",1,6,9,42,40,"5,283",2,7,14,51,26,"5,333",2,7,14,50,27,"5,326",6,15,22,38,18,"5,308",4,10,22,45,19,"5,306",6,20,23,40,11,"5,310",4,14,18,48,16,"5,309",9,25,24,33,10,"5,293",2,7,15,54,22,"5,286",5,13,17,46,20,"5,307",2,4,13,50,31,"5,312",5313,3.77,3469,4.05,4015,4.14,4102,3.76980707997752,0.947487152196108,1228,4.04997160704145,0.887543429268541,1849,4.1814864605339,0.892351856244477,2314,5293,3.98666666666667,1944,0.37
"RJ2","LEWISHAM AND GREENWICH NHS TRUST",2017,0.9696,"Lewisham and Greenwich NHS Trust",74,14,13,"1,825",3,11,29,41,17,1818,1,5,22,38,34,1814,1,4,17,36,41,1808,1,5,7,46,41,"1,812",1,2,5,42,50,"1,807",3,9,10,45,33,"1,801",2,8,15,53,21,"1,828",3,8,15,53,21,"1,825",8,17,23,38,14,"1,819",5,13,25,43,14,"1,817",8,25,26,35,6,"1,816",9,22,23,39,7,"1,817",20,32,22,23,4,"1,809",4,8,17,55,17,"1,810",7,14,18,43,17,"1,810",2,4,13,53,27,"1,810",1825,3.61,1054,3.99,1306,4.09,1392,3.57352941176471,0.989611855051079,309,3.99007717750827,0.922185163980548,617,4.13191727221912,0.905756979989014,741,1813,3.89666666666667,767,0.43
"RJ6","CROYDON HEALTH SERVICES NHS TRUST",2017,0.8837,"Croydon Health Services NHS Trust",71,16,13,"1,306",2,8,31,36,23,1373,1,4,19,36,39,1348,2,3,18,31,47,1320,1,4,6,45,44,"1,369",1,2,6,38,53,"1,338",1,9,10,39,40,"1,363",3,7,17,52,22,"1,375",3,7,15,51,24,"1,382",7,15,23,38,16,"1,378",5,12,26,40,16,"1,380",8,22,25,36,9,"1,356",10,26,22,34,8,"1,372",21,28,23,23,5,"1,370",3,8,23,52,15,"1,377",6,14,18,45,18,"1,372",2,5,14,52,27,"1,373",1306,3.7,810,4.05,1011,4.21,1030,3.7006554989075,0.974144391738477,316,4.09220389805097,0.909918226105702,526,4.16804201050263,0.954819680808066,620,1347,3.98666666666667,520,0.38
"RJ7","ST GEORGE'S UNIVERSITY HOSPITALS NHS FOUNDATION TRUST",2017,0.8173,"St George's University Hospitals NHS Foundation Trust",71,15,14,"3,980",3,10,31,38,18,4264,1,5,23,40,31,4189,1,3,20,36,40,4181,1,5,7,47,40,"4,279",1,2,6,43,49,"4,248",2,9,11,44,34,"4,235",3,8,16,52,22,"4,277",3,9,16,52,20,"4,271",7,18,23,38,13,"4,272",5,15,25,43,12,"4,258",8,23,25,36,8,"4,246",10,24,21,37,9,"4,249",18,31,20,25,5,"4,255",3,9,19,54,15,"4,239",7,16,20,43,15,"4,243",3,5,14,51,26,"4,265",3980,3.58,2388,3.95,2974,4.11,3178,3.58020637898687,0.991941423454163,768,3.9503461446646,0.909683656467923,1299,4.11004784688995,0.893380242707154,1672,4211,3.88,1695,0.41
"RJC","SOUTH WARWICKSHIRE NHS FOUNDATION TRUST",2017,1.0103,"South Warwickshire NHS Foundation Trust",70,15,15,"583",3,6,27,44,20,588,2,4,18,41,35,586,1,2,15,38,43,584,2,5,7,50,37,"585",1,2,5,37,55,"585",2,9,9,44,37,"586",3,9,15,48,26,"586",2,7,13,51,27,"586",5,17,20,38,20,"584",4,13,25,39,20,"586",8,24,21,38,9,"586",5,19,16,44,15,"585",14,30,22,27,7,"585",2,6,17,53,21,"583",6,14,16,43,21,"586",2,4,16,51,28,"586",583,3.72,376,4.03,445,4.17,473,3.71986417657046,0.951884622873024,118,4.03076923076923,0.933991062340045,205,4.20898100172712,0.848072615132746,251,586,3.97333333333333,215,0.37
"RJE","UNIVERSITY HOSPITALS OF NORTH MIDLANDS NHS TRUST",2017,1.046,"University Hospitals Of North Midlands NHS Trust",65,16,19,"3,983",3,11,33,38,16,4244,1,5,22,38,34,4170,1,4,22,34,39,4139,1,4,7,49,39,"4,236",1,2,6,43,48,"4,219",2,7,11,44,35,"4,228",2,10,19,50,20,"4,259",3,9,17,52,19,"4,262",8,20,25,34,13,"4,258",5,15,28,39,13,"4,252",7,22,25,39,8,"4,239",6,19,21,44,10,"4,243",17,30,23,25,6,"4,238",3,8,20,54,14,"4,229",8,18,19,41,14,"4,247",2,6,16,52,23,"4,245",3983,3.56,2292,3.99,3002,4.06,3021,3.52484254723583,0.980812688437096,679,3.99016786570743,0.922077613115501,1418,4.05991785455424,0.925334886679506,1614,4184,3.87,1662,0.4
"RJF","BURTON HOSPITALS NHS FOUNDATION TRUST",2017,0.982,"Burton Hospitals NHS Foundation Trust",67,17,17,"1,264",2,8,30,42,18,1410,1,4,20,40,36,1385,1,3,19,36,41,1376,1,4,7,47,41,"1,412",1,3,6,42,49,"1,404",1,9,10,45,35,"1,406",2,8,18,53,18,"1,414",3,6,17,55,19,"1,414",7,15,25,41,13,"1,415",4,12,28,45,11,"1,414",6,21,27,39,8,"1,412",4,14,22,49,10,"1,412",13,30,26,27,5,"1,412",3,5,20,58,14,"1,408",7,14,20,45,14,"1,405",3,4,15,55,22,"1,409",1264,3.66,846,4.09,1053,4.13,1060,3.66028368794326,0.929859489574198,254,4.05003573981415,0.894466176672445,499,4.13018181818182,0.891369526138936,564,1390,3.96,500,0.36
"RJL","NORTHERN LINCOLNSHIRE AND GOOLE NHS FOUNDATION TRUST",2017,1.191,"Northern Lincolnshire and Goole NHS Foundation Trust",61,19,20,"1,967",3,14,33,38,13,2041,1,6,23,40,29,2016,2,4,20,36,38,1986,1,7,9,49,34,"2,018",1,3,7,45,44,"2,003",2,10,12,42,34,"2,028",4,12,21,47,17,"2,040",4,12,20,49,15,"2,035",10,24,26,31,9,"2,034",7,21,29,34,9,"2,026",9,27,25,33,6,"2,032",10,22,21,40,7,"2,029",21,33,22,21,4,"2,032",3,8,23,54,12,"2,033",9,20,19,40,12,"2,035",3,6,18,53,19,"2,030",1967,3.47,1041,3.87,1391,4.04,1470,3.43549951503395,0.978894562024503,265,3.90931863727455,0.922181861205363,585,4.04028197381672,0.958792650234349,755,2014,3.79333333333333,776,0.39
"RJN","EAST CHESHIRE NHS TRUST",2017,1.071,"East Cheshire NHS Trust",66,15,19,"1,025",2,8,31,45,14,1024,1,3,18,44,33,1023,1,4,16,36,43,1024,1,4,5,53,37,"1,020",0,2,5,43,50,"1,019",1,9,10,47,32,"1,017",1,9,15,53,22,"1,029",2,6,12,54,25,"1,025",6,15,22,40,16,"1,025",4,12,26,43,16,"1,023",7,26,25,37,6,"1,023",7,25,20,41,7,"1,024",14,33,24,25,4,"1,025",2,7,17,57,17,"1,020",6,16,17,44,17,"1,021",1,5,14,53,27,"1,020",1025,3.61,604,4.02,788,4.16,809,3.61094819159335,0.891993841877461,143,4.06120434353406,0.850601583617302,338,4.16015625,0.90168430155329,440,1024,3.93,388,0.38
"RJR","COUNTESS OF CHESTER HOSPITAL NHS FOUNDATION TRUST",2017,1.067,"Countess of Chester Hospital NHS Foundation Trust",67,16,17,"1,466",3,11,32,41,14,1475,1,4,21,43,30,1459,1,3,19,38,39,1464,1,3,6,51,39,"1,479",1,2,5,44,49,"1,474",2,9,10,44,35,"1,475",3,8,16,52,22,"1,480",3,9,14,51,23,"1,474",8,20,21,36,15,"1,475",5,13,28,40,14,"1,467",7,25,25,36,7,"1,476",6,19,19,46,10,"1,477",19,32,21,23,5,"1,475",3,6,18,58,15,"1,469",10,16,17,42,15,"1,473",3,5,15,53,24,"1,475",1466,3.55,811,3.94,1065,4.11,1127,3.51511081262592,0.960199214431623,206,3.97991689750693,0.877222981578433,438,4.10928961748634,0.883707493755489,571,1466,3.86666666666667,515,0.35
"RJZ","KING'S COLLEGE HOSPITAL NHS FOUNDATION TRUST",2017,0.9287,"King's College Hospital NHS Foundation Trust",76,13,12,"4,552",3,10,32,37,18,4865,1,5,23,39,31,4802,1,4,20,36,39,4778,1,5,7,46,40,"4,879",1,3,5,42,49,"4,845",3,10,10,42,35,"4,833",3,10,15,50,22,"4,869",4,9,16,51,20,"4,877",9,20,23,35,13,"4,875",6,16,26,40,12,"4,871",9,24,24,36,8,"4,853",12,25,21,35,7,"4,846",21,31,20,24,5,"4,862",4,9,19,54,13,"4,851",9,18,19,42,12,"4,862",3,6,14,51,26,"4,862",4552,3.57,2676,3.91,3361,4.08,3584,3.57019527235355,0.992599913199289,876,3.94972654606647,0.914270140297893,1489,4.07974047718711,0.913304870062377,1863,4815,3.85333333333333,2086,0.44
"RK5","SHERWOOD FOREST HOSPITALS NHS FOUNDATION TRUST",2017,1.0201,"Sherwood Forest Hospitals NHS Foundation Trust",64,16,20,"2,436",3,8,31,41,17,2482,1,4,20,40,36,2456,1,3,19,36,40,2411,1,4,6,45,45,"2,448",1,2,5,37,56,"2,427",1,6,8,42,43,"2,482",2,7,17,50,24,"2,484",2,7,14,50,27,"2,486",7,16,23,36,18,"2,485",4,12,26,41,16,"2,484",4,20,25,41,10,"2,482",5,17,18,48,12,"2,478",11,28,24,30,7,"2,483",2,5,17,56,20,"2,483",5,14,16,44,20,"2,486",1,3,14,52,30,"2,483",2436,3.61,1440,4.09,1867,4.08,1832,3.61039484286865,0.957848382576296,422,4.0491935483871,0.895058007656542,884,4.12154233025985,0.890375447679258,964,2450,3.92666666666667,890,0.36
"RK9","UNIVERSITY HOSPITALS PLYMOUTH NHS TRUST",2017,1.0337,"Plymouth Hospitals NHS Trust",68,17,15,"3,544",2,10,32,43,14,3844,1,4,21,44,29,3789,1,3,19,40,37,3783,1,4,7,51,37,"3,847",1,2,5,45,47,"3,830",2,11,12,47,28,"3,834",2,8,16,52,22,"3,852",2,7,15,54,21,"3,843",6,17,24,39,14,"3,848",4,15,28,41,12,"3,842",8,28,27,32,6,"3,830",6,21,21,43,9,"3,831",22,33,21,20,4,"3,835",2,7,18,57,16,"3,829",7,15,19,44,15,"3,833",2,4,14,54,26,"3,843",3544,3.6,2191,3.93,2766,4.09,2913,3.56439979392066,0.916565749345309,538,3.96934968017058,0.870358958668232,1099,4.09014010044938,0.872983394348203,1400,3805,3.87333333333333,1403,0.37
"RKB","UNIVERSITY HOSPITALS COVENTRY AND WARWICKSHIRE NHS TRUST",2017,1.1197,"University Hospitals Coventry And Warwickshire NHS Trust",69,16,15,"3,146",2,8,30,43,17,3163,1,3,19,41,36,3153,1,3,17,36,43,3146,1,4,6,47,42,"3,155",1,2,5,40,52,"3,146",2,7,9,43,39,"3,148",2,7,16,51,23,"3,166",2,7,13,53,24,"3,164",6,16,23,37,17,"3,158",4,13,25,42,15,"3,149",6,22,25,39,8,"3,152",4,17,17,48,13,"3,142",18,30,21,25,6,"3,151",2,6,17,56,18,"3,138",7,14,17,44,18,"3,149",2,4,14,52,28,"3,149",3146,3.65,1898,4.08,2428,4.17,2485,3.65033196332596,0.920506960848784,538,4.07926442612555,0.869211886338379,1135,4.17069294342022,0.882858828157567,1353,3154,3.96666666666667,1189,0.38
"RKE","WHITTINGTON HEALTH NHS TRUST",2017,0.7437,"Whittington Health NHS Trust",74,14,12,"1,552",3,8,31,41,18,1673,1,3,21,40,34,1634,1,3,16,36,44,1637,1,4,7,46,41,"1,680",1,3,5,40,52,"1,667",3,8,10,44,34,"1,674",3,8,15,52,23,"1,687",3,6,15,50,26,"1,684",7,18,23,36,16,"1,674",4,12,26,42,16,"1,680",9,26,22,34,8,"1,678",9,25,22,37,8,"1,670",20,32,20,23,5,"1,675",3,7,18,54,18,"1,676",6,14,18,45,17,"1,674",2,4,14,51,29,"1,681",1552,3.66,987,4,1209,4.19,1310,3.62366863905325,0.963100521046452,301,4.04140914709518,0.87436719308268,556,4.19070904645477,0.878732329051314,720,1648,3.95,726,0.44
"RL4","THE ROYAL WOLVERHAMPTON NHS TRUST",2017,1.2181,"The Royal Wolverhampton NHS Trust",66,18,16,"3,234",3,8,30,42,18,3249,1,4,22,39,34,3208,1,3,19,36,41,3229,1,3,7,47,41,"3,251",1,2,5,41,51,"3,245",2,6,9,42,41,"3,239",2,8,18,49,22,"3,250",3,8,17,50,22,"3,247",7,16,25,37,15,"3,241",4,13,28,40,14,"3,242",5,20,27,40,8,"3,227",4,15,20,47,14,"3,248",13,27,24,29,7,"3,242",2,6,23,52,17,"3,229",7,15,20,41,17,"3,226",2,5,17,51,24,"3,235",3234,3.67,1949,4.01,2342,4.13,2486,3.63406459475929,0.961545219992377,585,4.01028678304239,0.899825111400448,1091,4.13007122948281,0.890429995748545,1324,3229,3.93666666666667,1103,0.34
"RLN","CITY HOSPITALS SUNDERLAND NHS FOUNDATION TRUST",2017,0.9634,"City Hospitals Sunderland NHS Foundation Trust",71,15,14,"1,724",3,9,31,41,17,1897,1,5,20,40,35,1868,1,3,18,39,38,1869,1,3,4,44,48,"1,909",0,1,3,38,57,"1,904",1,6,7,44,42,"1,902",2,8,16,50,24,"1,910",2,6,17,51,24,"1,906",6,15,25,37,16,"1,904",4,12,28,41,16,"1,904",4,19,24,43,10,"1,892",6,18,20,46,10,"1,896",14,26,23,31,6,"1,901",2,6,18,57,17,"1,889",7,17,19,43,15,"1,896",1,5,15,54,25,"1,900",1724,3.63,1100,4.06,1401,4.07,1439,3.59342379958246,0.966887050862297,322,4.01960784313725,0.912466536466818,654,4.11081081081081,0.875816480310976,710,1878,3.92,614,0.33
"RLQ","WYE VALLEY NHS TRUST",2017,1.1668,"Wye Valley NHS Trust",72,12,16,"1,475",1,10,32,42,15,1477,1,3,22,44,30,1461,1,3,17,37,43,1459,1,5,8,52,35,"1,481",0,2,5,46,46,"1,480",3,10,11,46,30,"1,478",2,9,16,53,20,"1,484",2,8,16,53,22,"1,485",6,18,23,39,14,"1,477",4,14,28,40,13,"1,477",8,26,26,34,6,"1,478",7,21,20,42,8,"1,479",17,34,21,23,4,"1,474",2,7,19,55,17,"1,472",6,17,21,42,15,"1,474",2,4,15,54,25,"1,478",1475,3.6,842,3.99,1081,4.21,1167,3.59945872801083,0.895667585936451,222,3.98904859685147,0.856012089255635,438,4.16689280868385,0.881639052898196,627,1466,3.93333333333333,578,0.39
"RLT","GEORGE ELIOT HOSPITAL NHS TRUST",2017,1.0863,"George Eliot Hospital NHS Trust",69,15,16,"907",2,8,31,41,17,911,1,3,23,36,37,902,1,4,20,40,36,901,1,4,7,46,42,"918",1,2,5,43,49,"912",2,6,10,46,36,"909",2,8,18,51,21,"920",2,7,19,50,22,"921",5,15,29,37,14,"920",4,12,30,40,14,"917",5,19,25,41,9,"917",6,17,22,44,12,"919",12,29,25,27,6,"913",2,5,19,55,18,"911",5,13,18,47,17,"910",2,4,16,54,24,"917",907,3.6,528,4.05,658,4.09,685,3.63747228381375,0.925920627626862,155,4.0509977827051,0.898669692613071,334,4.04950495049505,0.894656356902935,324,905,3.91333333333333,329,0.36
"RM1","NORFOLK AND NORWICH UNIVERSITY HOSPITALS NHS FOUNDATION TRUST",2017,1.0647,"Norfolk and Norwich University Hospitals NHS Foundation Trust",67,15,18,"3,493",2,10,34,41,13,3509,1,5,23,44,27,3495,1,3,20,38,37,3496,0,4,7,52,36,"3,512",1,2,5,47,45,"3,510",2,11,11,45,31,"3,509",2,9,18,52,19,"3,509",2,8,16,54,20,"3,507",7,20,24,36,13,"3,508",4,17,30,38,11,"3,506",7,27,27,34,6,"3,508",6,21,20,44,9,"3,507",20,33,20,22,4,"3,498",2,7,19,56,15,"3,497",7,15,19,44,15,"3,507",2,5,15,54,24,"3,502",3493,3.53,1895,3.91,2481,4.04,2622,3.53006554573953,0.910485931150096,456,3.90989702517162,0.884554730323803,944,4.08090147356255,0.884246779073182,1294,3500,3.82666666666667,1227,0.35
"RM3","SALFORD ROYAL NHS FOUNDATION TRUST",2017,0.8902,"Salford Royal NHS Foundation Trust",63,18,20,"2,872",4,10,32,38,16,3175,2,5,23,38,31,3119,1,4,19,33,43,3108,1,6,7,47,39,"3,179",1,2,5,43,48,"3,159",2,10,10,44,34,"3,158",3,10,15,50,22,"3,188",3,8,14,51,24,"3,188",8,17,22,37,16,"3,179",5,13,24,43,15,"3,176",8,25,22,36,9,"3,173",7,19,19,44,12,"3,170",19,32,19,24,6,"3,172",4,8,17,53,18,"3,160",8,14,17,44,18,"3,171",3,6,15,51,26,"3,179",2872,3.52,1714,3.88,2152,4.13,2362,3.51968503937008,1.0051097688613,508,3.91966310333657,0.960340666768824,967,4.12998712998713,0.923443061079951,1336,3134,3.84333333333333,1238,0.4
"RMC","BOLTON NHS FOUNDATION TRUST",2017,1.0523,"Bolton NHS Foundation Trust",62,18,20,"524",1,8,33,43,15,524,0,4,22,41,33,519,1,2,18,36,43,521,1,4,7,46,43,"520",1,2,4,39,55,"519",2,7,9,44,38,"516",1,7,16,53,23,"526",1,6,16,52,25,"524",3,15,25,39,18,"525",2,11,25,45,17,"524",6,23,24,39,9,"522",7,21,25,36,10,"524",12,33,23,25,6,"526",2,5,18,53,22,"522",5,12,16,45,21,"522",1,5,15,52,26,"524",524,3.63,304,4.03,384,4.18,412,3.63167938931298,0.867860517532505,79,4.02890173410405,0.843515435278437,171,4.18234165067178,0.861212855832022,224,521,3.94666666666667,183,0.35
"RMP","TAMESIDE AND GLOSSOP INTEGRATED CARE NHS FOUNDATION TRUST",2017,1.0789,"Tameside and Glossop Integrated Care NHS Foundation Trust",66,17,18,"498",2,10,31,38,19,499,1,4,18,37,41,494,1,4,16,33,47,475,1,4,4,41,51,"476",0,1,3,34,61,"470",2,5,5,39,49,"496",2,7,15,47,28,"496",3,6,11,52,27,"497",7,13,21,37,22,"497",5,12,24,40,20,"493",4,20,23,42,11,"497",6,16,16,47,15,"491",17,29,17,31,6,"492",2,6,15,55,21,"496",6,17,14,43,20,"493",2,5,12,53,28,"490",498,3.62,284,4.16,385,4.24,380,3.62,0.968232900649322,95,4.118,0.906487417936816,203,4.19583333333333,0.915639647357791,223,489,4.00666666666667,163,0.33
"RN3","GREAT WESTERN HOSPITALS NHS FOUNDATION TRUST",2017,0.9518,"Great Western Hospitals NHS Foundation Trust",73,13,14,"2,270",2,9,30,43,16,2435,0,4,21,42,33,2416,1,3,16,38,42,2406,1,5,7,50,37,"2,435",1,2,5,44,49,"2,423",2,10,12,46,30,"2,436",2,8,17,53,20,"2,437",2,8,16,54,20,"2,437",6,18,25,38,13,"2,435",4,15,29,41,11,"2,429",9,28,25,32,6,"2,430",10,27,22,36,6,"2,426",20,34,22,21,3,"2,438",3,7,21,56,14,"2,433",6,18,17,44,14,"2,432",2,5,16,54,23,"2,432",2270,3.62,1437,4.04,1812,4.17,1925,3.62012320328542,0.925671038004015,390,4.03973509933775,0.836087068500214,797,4.17040731504572,0.872335980408752,1011,2419,3.94333333333333,935,0.39
"RN5","HAMPSHIRE HOSPITALS NHS FOUNDATION TRUST",2017,1.0289,"Hampshire Hospitals NHS Foundation Trust",69,17,14,"2,321",2,7,31,43,18,2517,1,4,20,43,33,2486,1,3,17,40,39,2479,1,4,6,51,38,"2,533",1,2,5,46,47,"2,512",1,7,11,48,33,"2,510",1,6,17,55,20,"2,531",2,7,15,56,21,"2,532",5,15,24,41,14,"2,532",3,11,26,46,14,"2,533",6,21,27,39,7,"2,521",5,18,23,45,9,"2,513",15,31,23,26,4,"2,528",2,7,20,57,14,"2,515",7,17,20,44,13,"2,517",2,5,15,55,23,"2,526",2321,3.71,1535,4.06,1889,4.13,1958,3.67375049193231,0.912843432904463,453,4.0199203187251,0.878648003069276,820,4.13029447357806,0.86798377714257,967,2494,3.96666666666667,865,0.35
"RN7","DARTFORD AND GRAVESHAM NHS TRUST",2017,1.0808,"Dartford And Gravesham NHS Trust",74,13,13,"1,536",3,8,29,40,20,1539,1,4,20,39,35,1524,1,3,19,35,42,1529,1,4,5,43,48,"1,538",1,1,4,38,55,"1,537",1,7,9,42,41,"1,532",1,6,17,51,25,"1,547",2,5,16,52,26,"1,543",5,14,25,39,18,"1,537",3,11,26,42,17,"1,536",4,19,28,39,10,"1,539",4,16,19,47,14,"1,538",13,26,23,30,8,"1,535",2,6,18,55,19,"1,535",6,13,18,45,18,"1,536",2,3,14,53,28,"1,538",1536,3.66,923,4,1128,4.14,1177,3.66081871345029,0.981939433462666,308,4.04045092838196,0.897734556917546,533,4.13996075866579,0.894298548442894,642,1531,3.93333333333333,525,0.34
"RNA","THE DUDLEY GROUP NHS FOUNDATION TRUST",2017,1.0435,"The Dudley Group NHS Foundation Trust",71,14,15,"1,578",3,10,30,41,15,1688,1,4,21,40,34,1668,0,2,17,37,44,1665,1,5,6,49,39,"1,694",1,2,6,44,47,"1,685",2,10,13,44,32,"1,682",3,8,17,52,19,"1,694",3,7,15,54,20,"1,694",6,18,25,36,14,"1,693",4,14,27,42,13,"1,690",8,25,23,36,7,"1,689",6,21,18,44,10,"1,691",21,31,22,22,5,"1,691",3,7,19,57,15,"1,685",6,15,19,45,15,"1,685",2,4,16,55,24,"1,692",1578,3.52,945,4.02,1234,4.23,1349,3.55475763016158,0.967353224825848,253,4.01918465227818,0.895695930791344,567,4.23063063063063,0.79792317483038,733,1674,3.92333333333333,684,0.41
"RNL","NORTH CUMBRIA UNIVERSITY HOSPITALS NHS TRUST",2017,0.9831,"North Cumbria University Hospitals NHS Trust",62,15,23,"1,785",3,11,35,38,13,1880,2,5,24,40,30,1861,1,4,20,37,38,1852,1,6,8,51,34,"1,876",0,2,6,47,44,"1,871",2,9,12,47,30,"1,885",3,11,19,51,17,"1,897",3,9,16,55,17,"1,895",6,20,27,36,11,"1,893",4,15,31,39,10,"1,887",7,25,27,36,5,"1,888",6,20,23,44,7,"1,890",20,33,22,22,3,"1,888",3,8,21,55,14,"1,892",9,19,21,40,12,"1,890",3,6,18,54,20,"1,889",1785,3.47,959,3.94,1303,4.07,1389,3.46993081426291,0.95312140388633,244,3.90101117615753,0.949072771747831,558,4.06965442764579,0.909762936223636,704,1864,3.82666666666667,704,0.38
"RNQ","KETTERING GENERAL HOSPITAL NHS FOUNDATION TRUST",2017,1.107,"Kettering General Hospital NHS Foundation Trust",61,21,19,"1,375",3,10,31,41,15,1383,1,6,21,39,34,1381,1,3,22,34,40,1376,1,5,8,47,39,"1,373",1,3,6,40,49,"1,368",3,9,10,42,35,"1,369",3,10,18,50,19,"1,385",3,9,17,51,20,"1,381",9,18,25,34,14,"1,381",6,14,30,38,13,"1,377",7,23,27,35,8,"1,371",8,23,22,39,8,"1,378",17,31,25,22,6,"1,379",3,7,22,54,14,"1,368",8,16,22,41,14,"1,373",3,5,19,51,22,"1,373",1375,3.55,774,4.02,1008,4.09,1018,3.5506512301013,0.961968479453416,207,3.97994269340974,0.934192536706611,470,4.08938953488372,0.907345814483822,550,1380,3.88666666666667,518,0.38
"RNS","NORTHAMPTON GENERAL HOSPITAL NHS TRUST",2017,0.979,"Northampton General Hospital NHS Trust",63,19,18,"1,742",2,8,29,43,18,1844,1,4,20,41,34,1823,1,4,18,37,40,1811,1,4,6,48,41,"1,850",1,3,6,42,48,"1,841",2,8,10,45,35,"1,844",2,8,18,47,24,"1,853",2,7,15,50,25,"1,850",6,17,23,37,18,"1,851",3,13,24,44,16,"1,848",7,22,25,39,6,"1,842",6,18,22,44,10,"1,840",13,32,22,28,5,"1,848",3,8,18,55,17,"1,837",6,13,19,45,17,"1,845",2,4,16,52,25,"1,851",1742,3.67,1125,4.03,1367,4.11,1394,3.66937669376694,0.928670761633489,332,4.03017004936917,0.888189566772142,620,4.11049723756906,0.903864485116575,724,1826,3.93666666666667,709,0.4
"RNZ","SALISBURY NHS FOUNDATION TRUST",2017,1.0798,"Salisbury NHS Foundation Trust",62,21,17,"1,401",1,7,30,44,19,1493,1,3,20,43,33,1479,1,3,18,38,40,1470,1,3,6,51,38,"1,487",1,2,5,45,48,"1,482",2,8,12,46,31,"1,492",2,7,15,53,23,"1,497",3,6,12,57,23,"1,493",6,15,22,41,16,"1,489",4,11,25,44,16,"1,495",7,24,24,38,8,"1,493",5,18,20,46,10,"1,484",17,33,23,22,5,"1,488",2,7,19,54,18,"1,490",7,17,18,44,15,"1,486",2,5,16,52,26,"1,485",1401,3.76,941,4.04,1124,4.13,1147,3.72233267064281,0.881077751004536,284,4.03989181879648,0.859810212360517,488,4.12916383412644,0.880421540778422,588,1481,3.97666666666667,514,0.35
"RP5","DONCASTER AND BASSETLAW TEACHING HOSPITALS NHS FOUNDATION TRUST",2017,1.0462,"Doncaster and Bassetlaw Hospitals NHS Foundation Trust",72,16,12,"2,857",4,12,33,38,13,3096,2,6,23,37,33,3061,1,4,22,36,37,3050,2,5,7,46,39,"3,103",1,2,6,43,48,"3,085",3,10,10,43,34,"3,085",3,10,19,49,19,"3,099",4,10,16,50,20,"3,100",9,20,24,35,13,"3,097",6,18,28,36,12,"3,097",8,24,25,37,6,"3,089",8,22,20,42,8,"3,078",19,31,21,24,4,"3,094",3,7,21,53,15,"3,079",10,19,19,39,13,"3,080",3,5,17,54,22,"3,087",2857,3.44,1579,3.96,2143,4.04,2226,3.43927648578811,0.993449300115132,402,3.92076326002587,0.981812445101231,1010,4.04034109544113,0.915031596857876,1128,3069,3.81333333333333,1253,0.41
"RPA","MEDWAY NHS FOUNDATION TRUST",2017,1.0271,"Medway NHS Foundation Trust",64,18,18,"1,748",3,10,32,38,16,1752,2,6,20,38,35,1748,2,4,18,34,42,1744,1,5,8,44,43,"1,759",1,3,6,41,49,"1,755",2,10,11,41,36,"1,753",3,10,19,48,19,"1,765",3,10,18,51,19,"1,761",10,20,26,32,12,"1,760",6,16,28,38,13,"1,748",8,21,27,36,9,"1,759",8,21,22,39,10,"1,755",20,31,24,21,5,"1,754",4,7,20,53,17,"1,751",8,15,18,42,16,"1,755",2,5,17,50,25,"1,761",1748,3.51,946,4.01,1276,4.1,1325,3.54466858789625,0.977924792561574,280,3.96998867497169,0.980087699080377,612,4.09919724770642,0.965212135799751,732,1748,3.87333333333333,632,0.36
"RQ6","ROYAL LIVERPOOL AND BROADGREEN UNIVERSITY HOSPITALS NHS TRUST",2017,1.0511,"The Royal Liverpool and Broadgreen University Hospitals NHS Trust",61,14,25,"2,876",4,11,33,39,13,3063,2,5,25,42,27,3020,2,5,22,37,35,3009,1,5,7,50,37,"3,071",1,2,5,45,47,"3,052",2,7,10,48,34,"3,049",3,10,17,51,19,"3,066",3,8,14,57,19,"3,065",6,17,22,41,14,"3,067",4,14,25,44,13,"3,062",6,23,23,41,8,"3,059",8,22,19,42,9,"3,052",13,28,22,31,6,"3,056",2,8,19,56,15,"3,042",6,16,19,45,15,"3,051",2,5,16,54,23,"3,053",2876,3.46,1593,3.9,2084,4.01,2166,3.45953002610966,0.984532968431247,398,3.8615939652345,0.933411716336655,815,3.97070441079658,0.969130499865289,1053,3031,3.79,1024,0.34
"RQ8","MID ESSEX HOSPITAL SERVICES NHS TRUST",2017,1.0899,"Mid Essex Hospital Services NHS Trust",72,14,14,"1,502",2,11,31,42,15,1509,1,5,20,41,33,1505,1,3,21,38,36,1507,1,4,7,49,39,"1,498",1,2,5,42,50,"1,493",1,8,10,46,34,"1,494",2,9,16,53,20,"1,511",2,8,16,54,20,"1,507",7,18,24,37,13,"1,512",4,13,29,43,12,"1,500",7,23,28,35,7,"1,508",5,19,21,44,11,"1,501",18,33,21,22,5,"1,510",2,6,21,55,16,"1,495",8,16,20,40,15,"1,504",2,4,17,50,27,"1,511",1502,3.6,860,4,1114,4.02,1115,3.56430446194226,0.937543402446285,226,4.00066445182724,0.905435468709645,497,4.06166219839142,0.885204064560339,543,1507,3.87333333333333,590,0.4
"RQM","CHELSEA AND WESTMINSTER HOSPITAL NHS FOUNDATION TRUST",2017,0.8149,"Chelsea and Westminster Hospital NHS Foundation Trust",77,12,11,"1,632",2,7,30,39,21,1721,1,4,19,39,37,1703,0,2,17,36,43,1701,1,3,6,47,43,"1,726",1,1,5,40,53,"1,718",2,7,10,42,40,"1,715",2,7,14,54,24,"1,726",2,6,14,53,25,"1,721",5,13,23,40,18,"1,720",3,11,24,45,17,"1,717",5,20,25,41,9,"1,716",6,17,20,47,11,"1,722",14,27,25,28,6,"1,721",2,6,16,56,19,"1,723",5,12,17,47,19,"1,719",2,4,13,50,31,"1,713",1632,3.67,1033,4.07,1294,4.14,1344,3.70799059929495,0.94463780400023,361,4.0698766881973,0.897406065479771,630,4.22448979591837,0.802414081477931,731,1708,3.96,671,0.39
"RQW","THE PRINCESS ALEXANDRA HOSPITAL NHS TRUST",2017,1.1213,"The Princess Alexandra Hospital NHS Trust",64,18,18,"1,040",3,10,32,38,18,1136,1,3,22,38,36,1126,1,3,20,32,43,1116,2,4,7,47,40,"1,151",1,2,5,43,50,"1,145",2,10,12,43,33,"1,144",3,8,17,50,23,"1,153",2,8,16,53,21,"1,153",7,17,23,37,16,"1,151",4,15,25,42,15,"1,151",7,25,26,35,7,"1,145",11,26,23,34,6,"1,146",23,34,20,19,4,"1,148",2,7,19,55,17,"1,141",6,16,18,43,16,"1,142",2,4,15,53,25,"1,145",1040,3.61,636,4.05,833,4.1,837,3.57317073170732,0.988536587385786,204,4.04973357015986,0.887050002384206,405,4.14311594202899,0.908999869422727,480,1126,3.92,446,0.4
"RQX","HOMERTON UNIVERSITY HOSPITAL NHS FOUNDATION TRUST",2017,0.8147,"Homerton University Hospital NHS Foundation Trust",76,13,11,"1,709",2,7,30,41,20,1832,1,3,21,40,34,1784,1,3,19,36,41,1785,1,3,5,47,43,"1,845",1,2,4,41,52,"1,819",2,8,9,44,38,"1,816",3,5,13,51,28,"1,846",2,6,14,51,26,"1,837",5,14,24,39,17,"1,836",3,9,23,47,17,"1,838",7,22,22,39,10,"1,828",4,16,19,48,12,"1,823",13,28,23,30,6,"1,836",3,7,16,56,19,"1,830",4,10,16,48,21,"1,827",2,3,13,53,29,"1,835",1709,3.7,1118,4,1320,4.13,1374,3.69923580786026,0.93341363894652,366,4.039592760181,0.87641179073033,607,4.12933930571109,0.891642685207728,732,1800,3.94333333333333,743,0.41
"RR1","HEART OF ENGLAND NHS FOUNDATION TRUST",2017,0.9624,"Heart of England NHS Foundation Trust",68,16,16,"3,738",3,10,31,39,17,4032,1,5,22,39,33,3971,1,4,19,37,39,3942,1,4,7,48,40,"4,032",1,2,5,43,49,"4,008",2,8,10,44,36,"4,010",3,9,17,52,20,"4,046",3,9,17,52,19,"4,039",8,19,25,36,12,"4,033",5,15,28,40,12,"4,024",7,22,26,37,8,"4,010",7,23,21,42,8,"4,014",16,30,23,26,5,"4,028",3,7,20,55,15,"4,017",8,16,20,42,13,"4,015",3,5,16,53,23,"4,034",3738,3.57,2258,3.98,2859,4.09,2996,3.5698337881419,0.982488331860839,685,3.97935548841893,0.916881484722004,1310,4.09005580923389,0.906296196431704,1537,3982,3.88,1539,0.39
"RR7","GATESHEAD HEALTH NHS FOUNDATION TRUST",2017,1.017,"Gateshead Health NHS Foundation Trust",67,15,18,"1,568",2,8,32,44,15,1568,0,4,20,41,34,1557,1,4,18,38,40,1563,1,5,7,48,39,"1,562",1,2,6,43,49,"1,552",2,8,10,48,33,"1,553",2,9,16,49,25,"1,572",2,6,12,54,26,"1,566",5,15,20,42,19,"1,564",3,11,25,44,17,"1,565",5,23,25,40,7,"1,564",3,14,16,53,14,"1,563",11,28,25,30,7,"1,565",2,6,14,58,20,"1,556",4,13,16,47,20,"1,560",1,3,13,53,30,"1,559",1568,3.65,925,4.02,1168,4.15,1219,3.61465571699305,0.899831416773718,235,4.06103896103896,0.838584754776575,529,4.1076630778974,0.901940337884705,625,1563,3.94,497,0.32
"RR8","LEEDS TEACHING HOSPITALS NHS TRUST",2017,1.015,"Leeds Teaching Hospitals NHS Trust",63,18,19,"5,111",3,10,30,42,15,5081,1,5,19,42,33,5066,1,3,18,37,40,5065,1,5,7,47,40,"5,098",1,3,6,40,50,"5,087",3,9,11,45,32,"5,083",3,8,15,47,27,"5,107",3,8,15,47,26,"5,104",7,16,22,36,19,"5,107",4,12,25,40,18,"5,094",8,23,24,36,9,"5,094",7,20,20,42,11,"5,092",18,29,21,25,6,"5,096",3,6,16,53,21,"5,092",6,14,17,44,19,"5,093",2,4,15,49,29,"5,085",5111,3.56,2896,4.01,3800,4.09,3900,3.56023622047244,0.962331261207691,762,4.00986777185711,0.900224410699057,1672,4.13100697906281,0.884079866732082,2026,5071,3.88666666666667,1708,0.34
"RRF","WRIGHTINGTON, WIGAN AND LEIGH NHS FOUNDATION TRUST",2017,1.1729,"Wrightington, Wigan and Leigh NHS Foundation Trust",60,21,19,"428",2,4,30,43,21,428,1,4,17,39,40,426,0,2,14,35,49,427,0,2,5,47,45,"425",1,1,5,33,59,"424",1,5,6,36,52,"424",1,8,17,49,26,"429",1,7,16,50,26,"427",5,17,22,38,18,"427",2,14,24,43,17,"427",3,16,19,49,14,"424",3,16,17,47,17,"425",10,28,20,34,8,"424",2,6,18,52,22,"425",6,19,18,37,20,"426",1,4,19,46,30,"427",428,3.77,274,4.16,337,4.31,359,3.76869158878505,0.897694767330234,90,4.12121212121212,0.890889728663306,170,4.30679156908665,0.788429091916576,209,427,4.08,144,0.34
"RRK","UNIVERSITY HOSPITALS BIRMINGHAM NHS FOUNDATION TRUST",2017,1.0295,"University Hospitals Birmingham NHS Foundation Trust",63,17,20,"3,557",3,8,32,40,17,3853,1,4,23,40,33,3808,1,4,18,36,41,3778,1,3,6,46,44,"3,839",1,2,4,40,53,"3,795",2,6,8,44,41,"3,831",3,7,17,50,23,"3,867",2,7,17,51,23,"3,864",6,17,23,37,16,"3,859",4,12,25,44,15,"3,847",5,20,23,42,11,"3,842",3,14,19,50,14,"3,841",13,26,22,32,8,"3,842",3,7,18,55,18,"3,839",7,15,17,44,17,"3,844",2,5,15,52,26,"3,862",3557,3.6,2196,4.03,2780,4.12,2909,3.59979236958214,0.959577593159504,655,3.99037961518461,0.895392634707904,1257,4.11990471148756,0.908973760773648,1549,3813,3.91666666666667,1349,0.36
"RRV","UNIVERSITY COLLEGE LONDON HOSPITALS NHS FOUNDATION TRUST",2017,0.7515,"University College London Hospitals NHS Foundation Trust",68,15,17,"3,018",2,9,29,42,18,3271,1,5,21,42,31,3212,1,3,18,38,40,3208,1,4,6,48,41,"3,280",1,2,5,41,51,"3,249",2,8,10,45,35,"3,248",3,8,13,52,25,"3,288",3,7,14,52,25,"3,283",7,15,22,40,16,"3,287",4,12,23,47,15,"3,277",8,24,24,37,8,"3,274",8,21,22,41,9,"3,269",16,30,23,26,6,"3,279",3,7,16,57,17,"3,271",6,14,19,45,16,"3,269",2,4,14,51,29,"3,273",3018,3.65,1963,3.97,2345,4.13,2502,3.65056557627637,0.94166169309675,589,3.96981014628073,0.89971484070202,996,4.1303398815092,0.879076446678297,1283,3230,3.91666666666667,1302,0.41
"RTD","THE NEWCASTLE UPON TYNE HOSPITALS NHS FOUNDATION TRUST",2017,0.9282,"The Newcastle Upon Tyne Hospitals NHS Foundation Trust",63,18,19,"4,507",3,9,31,42,15,4537,1,4,21,42,32,4520,1,3,20,38,38,4514,1,4,6,49,41,"4,483",1,2,5,41,51,"4,471",1,6,8,47,38,"4,469",2,8,16,51,23,"4,545",3,8,15,52,23,"4,537",7,18,22,38,16,"4,523",4,14,27,41,15,"4,517",5,22,24,40,9,"4,527",3,13,18,52,14,"4,516",12,29,22,30,7,"4,518",2,6,16,57,19,"4,484",7,16,17,43,16,"4,500",2,5,14,51,28,"4,511",4507,3.57,2586,4,3345,4.09,3431,3.57042098302843,0.951392567009738,681,4,0.88317107432536,1446,4.09018391313982,0.884045838782792,1715,4524,3.88666666666667,1464,0.33
"RTE","GLOUCESTERSHIRE HOSPITALS NHS FOUNDATION TRUST",2017,1.0695,"Gloucestershire Hospitals NHS Foundation Trust",67,16,17,"3,589",3,10,33,40,14,3587,1,4,24,43,28,3559,1,3,22,38,36,3567,1,5,8,51,35,"3,587",1,2,6,46,45,"3,577",3,11,13,46,28,"3,569",3,9,19,51,19,"3,596",3,8,17,52,19,"3,590",9,20,25,36,12,"3,590",5,17,30,38,11,"3,574",9,27,26,32,5,"3,583",10,25,22,36,6,"3,585",19,33,22,23,4,"3,586",3,7,19,57,14,"3,575",7,17,21,42,13,"3,586",2,5,18,53,22,"3,584",3589,3.52,1937,3.93,2527,4.05,2640,3.51950947603122,0.954153150373641,502,3.93003652711436,0.875238519686986,997,4.04962153069807,0.888042486886493,1284,3571,3.83333333333333,1357,0.38
"RTF","NORTHUMBRIA HEALTHCARE NHS FOUNDATION TRUST",2017,1.0142,"Northumbria Healthcare NHS Foundation Trust",70,16,14,"887",1,8,31,42,18,889,1,3,23,40,33,884,1,2,19,38,40,860,0,2,6,48,44,"863",0,1,3,39,56,"856",1,6,6,41,46,"883",1,6,17,53,24,"879",1,5,13,56,25,"885",6,13,25,40,17,"882",2,11,26,43,18,"880",4,17,23,43,12,"882",2,12,17,50,19,"880",10,29,22,30,8,"883",1,5,15,59,20,"885",5,15,14,45,21,"882",1,4,14,52,29,"881",887,3.68,533,4.01,645,4.14,671,3.67941507311586,0.893944402304855,160,4.0090395480226,0.879587318146493,292,4.13953488372093,0.862662185627507,344,878,3.94333333333333,261,0.3
"RTG","DERBY TEACHING HOSPITALS NHS FOUNDATION TRUST",2017,0.9394,"Derby Teaching Hospitals NHS Foundation Trust",70,15,15,"3,206",2,7,29,45,17,3405,1,3,20,44,33,3376,1,3,19,42,36,3370,1,4,6,50,39,"3,415",1,2,5,44,49,"3,400",1,6,10,48,36,"3,402",2,7,16,51,23,"3,406",2,7,16,53,22,"3,407",5,17,24,38,15,"3,404",3,13,27,43,14,"3,406",5,22,26,40,7,"3,399",4,19,21,46,10,"3,399",10,28,24,33,6,"3,400",2,7,18,57,17,"3,387",7,18,19,42,14,"3,398",2,4,16,53,25,"3,398",3206,3.68,2111,4.08,2600,4.12,2629,3.68037602820212,0.904205266452301,579,4.03960105602816,0.855398120224373,1114,4.07904789891272,0.864366795657139,1213,3384,3.96,1165,0.35
"RTH","OXFORD UNIVERSITY HOSPITALS NHS FOUNDATION TRUST",2017,0.9309,"Oxford University Hospitals NHS Foundation Trust",66,16,18,"4,166",2,8,31,44,16,4495,1,5,21,43,30,4450,1,4,19,41,36,4439,1,4,7,52,36,"4,511",1,2,6,46,45,"4,477",2,9,11,49,29,"4,478",2,8,16,52,22,"4,504",3,8,15,53,21,"4,504",6,18,24,38,15,"4,503",4,14,26,43,13,"4,507",7,25,25,37,7,"4,491",6,20,20,44,9,"4,492",19,31,21,24,5,"4,498",3,8,19,56,15,"4,480",7,17,21,42,14,"4,484",2,5,15,53,25,"4,501",4166,3.67,2697,3.96,3248,4.1,3418,3.63348017621145,0.909196485486709,719,3.960665318049,0.892882078537385,1335,4.05955833147446,0.887854727079891,1598,4461,3.91,1813,0.41
"RTK","ASHFORD AND ST PETER'S HOSPITALS NHS FOUNDATION TRUST",2017,0.9478,"Ashford and St Peter's Hospitals NHS Foundation Trust",66,17,17,"1,513",2,7,30,40,22,1600,1,3,20,40,36,1578,1,3,16,35,44,1561,1,3,6,49,41,"1,588",1,2,5,44,48,"1,570",2,6,11,46,36,"1,595",1,7,17,52,22,"1,601",2,5,16,54,22,"1,600",6,15,24,39,16,"1,599",4,9,26,46,16,"1,600",5,22,26,38,9,"1,596",4,16,20,48,13,"1,599",16,29,22,27,7,"1,598",3,5,19,56,17,"1,599",6,15,20,43,15,"1,597",2,4,16,51,27,"1,600",1513,3.76,992,4.07,1199,4.15,1233,3.72277227722772,0.945513106296439,352,4.06970849176172,0.875341066205222,568,4.19081500646831,0.885960095053433,687,1580,3.99333333333333,523,0.33
"RTP","SURREY AND SUSSEX HEALTHCARE NHS TRUST",2017,0.9494,"Surrey And Sussex Healthcare NHS Trust",73,14,13,"2,467",2,6,27,44,21,2469,1,3,18,42,36,2441,1,2,16,37,44,2441,1,2,4,50,43,"2,495",1,1,4,44,50,"2,481",1,5,8,46,39,"2,467",1,5,17,55,23,"2,493",1,5,16,54,23,"2,492",4,13,27,38,17,"2,487",2,10,27,44,17,"2,475",3,16,28,42,10,"2,484",4,14,21,48,13,"2,475",11,25,25,32,7,"2,485",1,4,17,57,20,"2,471",4,13,20,45,18,"2,474",1,3,15,53,27,"2,468",2467,3.76,1605,4.09,1904,4.21,1977,3.76012965964344,0.917336683228575,518,4.09098360655738,0.86045689955506,879,4.21015977058583,0.851514571000892,1074,2450,4.02,748,0.3
"RTR","SOUTH TEES HOSPITALS NHS FOUNDATION TRUST",2017,1.1056,"South Tees Hospitals NHS Foundation Trust",67,14,18,"407",2,11,35,37,14,412,1,4,23,42,30,402,0,3,21,36,39,403,1,5,7,48,39,"414",1,1,4,44,51,"411",2,8,8,39,43,"411",0,11,18,47,23,"412",1,9,15,52,23,"413",6,19,23,36,15,"411",5,13,29,39,14,"410",5,21,26,40,8,"411",11,32,18,32,8,"411",16,34,24,22,4,"412",1,6,19,57,17,"411",6,18,18,40,19,"409",1,3,18,47,30,"410",407,3.47,210,3.96,289,4.08,302,3.50859950859951,0.936032795044475,58,3.96268656716418,0.88269636008561,121,4.1203007518797,0.845064839339489,157,406,3.83666666666667,152,0.37
"RTX","UNIVERSITY HOSPITALS OF MORECAMBE BAY NHS FOUNDATION TRUST",2017,1.0038,"University Hospitals of Morecambe Bay NHS Foundation Trust",62,19,19,"2,055",2,10,30,43,16,2161,1,5,21,43,31,2143,1,4,19,38,38,2115,1,5,8,51,35,"2,127",1,2,5,44,48,"2,122",2,7,10,45,36,"2,149",3,8,19,50,21,"2,157",3,7,15,52,22,"2,157",7,16,24,38,15,"2,162",5,14,25,40,15,"2,157",5,22,24,40,8,"2,150",6,20,19,45,10,"2,149",14,28,23,28,6,"2,155",3,7,20,53,17,"2,147",7,16,19,41,17,"2,164",2,5,16,53,24,"2,156",2055,3.64,1275,4.01,1586,4.08,1607,3.6044912923923,0.934261995908471,346,3.97087378640777,0.894314720813063,664,4.07986767485822,0.90219128114679,804,2140,3.91,725,0.34
"RVJ","NORTH BRISTOL NHS TRUST",2017,0.9552,"North Bristol NHS Trust",63,15,22,"3,667",3,11,33,40,13,3673,1,5,23,41,29,3656,1,4,20,38,38,3656,1,4,7,48,40,"3,639",1,2,4,42,50,"3,624",3,11,11,42,33,"3,626",2,10,17,51,20,"3,679",3,9,16,52,20,"3,683",8,20,23,36,13,"3,664",5,16,26,41,12,"3,659",9,27,25,32,6,"3,647",9,25,21,38,8,"3,648",22,34,20,20,4,"3,656",3,7,20,54,15,"3,635",8,17,20,41,14,"3,651",2,5,15,51,26,"3,663",3667,3.49,1947,3.89,2559,4.11,2779,3.48992374727669,0.953798864654717,477,3.92872928176796,0.902486840049229,1060,4.06906825568797,0.904455930166005,1389,3662,3.83,1525,0.42
"RVR","EPSOM AND ST HELIER UNIVERSITY HOSPITALS NHS TRUST",2017,0.9527,"Epsom And St Helier University Hospitals NHS Trust",68,17,15,"2,432",3,9,30,39,19,2427,1,4,20,38,36,2411,1,4,19,33,43,2398,1,5,8,46,41,"2,434",1,2,5,42,50,"2,430",2,10,11,40,36,"2,432",2,7,19,50,22,"2,437",3,8,16,53,20,"2,439",7,18,26,36,13,"2,437",4,14,27,42,13,"2,436",7,24,25,36,8,"2,420",9,24,22,37,8,"2,424",20,30,22,23,5,"2,431",3,7,19,56,14,"2,427",7,15,22,43,14,"2,420",3,4,15,53,25,"2,434",2432,3.62,1408,4.01,1784,4.13,1822,3.62010712814174,0.987919356342356,461,4.05113160100587,0.902770472528948,868,4.12969140950792,0.924037225536569,1031,2412,3.92,916,0.38
"RVV","EAST KENT HOSPITALS UNIVERSITY NHS FOUNDATION TRUST",2017,1.0156,"East Kent Hospitals University NHS Foundation Trust",65,18,17,"3,307",3,12,32,39,14,3667,1,6,23,40,30,3612,1,5,22,36,37,3610,1,6,8,52,34,"3,673",1,3,7,46,42,"3,652",3,11,13,45,28,"3,645",3,9,19,51,18,"3,673",3,9,18,53,18,"3,673",9,19,25,36,11,"3,664",6,16,29,39,10,"3,662",9,26,26,33,6,"3,655",10,25,22,37,7,"3,641",25,32,20,20,4,"3,649",3,9,19,55,14,"3,654",8,16,19,44,13,"3,660",2,5,17,54,22,"3,664",3307,3.49,1944,3.92,2528,4.06,2635,3.4899072558647,0.974732141254339,513,3.92001107113202,0.924006634840058,1084,4.02029621503017,0.932936141247341,1336,3630,3.82333333333333,1624,0.45
"RVW","NORTH TEES AND HARTLEPOOL NHS FOUNDATION TRUST",2017,1.0499,"North Tees and Hartlepool NHS Foundation Trust",66,17,18,"610",3,9,33,38,18,615,0,4,23,38,34,607,1,4,19,37,39,607,0,5,8,47,40,"615",0,2,4,43,51,"612",1,6,10,43,40,"612",1,8,18,49,22,"617",2,7,16,52,23,"615",6,17,27,36,15,"615",4,13,28,42,13,"612",3,19,28,42,9,"615",5,19,18,48,11,"616",12,28,22,32,5,"614",1,5,21,55,17,"614",6,15,16,45,18,"614",1,3,17,54,25,"613",610,3.62,344,3.99,437,4.09,461,3.5877616747182,0.97589246889777,111,4.02995008319468,0.857769295423208,206,4.09225700164745,0.905459794133155,237,610,3.9,210,0.34
"RVY","SOUTHPORT AND ORMSKIRK HOSPITAL NHS TRUST",2017,1.1419,"Southport and Ormskirk Hospital NHS Trust",67,17,17,"1,253",2,11,35,38,14,1248,1,5,23,39,31,1240,1,3,22,38,36,1241,1,5,6,50,38,"1,257",1,2,5,43,50,"1,256",1,7,9,42,41,"1,252",2,11,23,48,15,"1,252",2,10,20,52,15,"1,256",8,23,28,31,11,"1,255",6,17,31,37,10,"1,252",5,19,29,39,8,"1,252",5,20,23,44,8,"1,255",17,30,23,27,4,"1,251",3,8,22,55,12,"1,246",11,20,21,37,11,"1,252",3,7,19,52,19,"1,250",1253,3.51,649,3.91,868,4.05,918,3.51041666666667,0.933156761947504,175,3.95028524857376,0.913005273710399,384,4.05157131345689,0.885683368356249,447,1243,3.82333333333333,402,0.32
"RW6","PENNINE ACUTE HOSPITALS NHS TRUST",2017,1.0077,"Pennine Acute Hospitals NHS Trust",63,19,18,"2,834",3,11,31,37,18,2991,1,5,23,38,33,2952,2,3,18,36,41,2896,1,5,7,47,39,"2,951",1,2,6,43,48,"2,925",3,9,10,42,37,"2,982",3,9,16,50,22,"2,992",3,8,16,50,22,"3,000",8,18,23,35,15,"2,987",5,14,25,41,15,"2,990",8,22,23,37,9,"2,987",9,21,19,41,10,"2,980",20,30,20,24,5,"2,986",3,7,19,55,16,"2,993",8,15,18,43,16,"2,980",3,5,18,52,22,"2,993",2834,3.56,1645,3.97,2096,4.11,2230,3.55967903711133,1.00352177378474,538,3.96918388079919,0.922504642131211,974,4.10980662983425,0.937250874987134,1187,2946,3.88,1059,0.36
"RWA","HULL AND EAST YORKSHIRE HOSPITALS NHS TRUST",2017,1.1034,"Hull And East Yorkshire Hospitals NHS Trust",67,16,17,"3,100",2,9,31,41,17,3433,1,5,21,38,36,3425,1,3,20,37,40,3427,1,4,7,49,39,"3,447",1,2,5,44,48,"3,442",2,8,9,44,36,"3,446",2,9,15,49,24,"3,441",2,9,15,50,24,"3,441",7,18,23,35,17,"3,442",4,14,26,40,16,"3,438",7,22,26,37,9,"3,431",6,19,19,45,11,"3,431",16,30,22,25,6,"3,432",3,6,18,55,18,"3,434",8,17,19,39,17,"3,442",2,5,16,50,27,"3,439",3100,3.62,1991,4.06,2534,4.15,2639,3.61997670355271,0.936222802891974,584,4.02023706273489,0.922155703235,1233,4.10921698930945,0.888708223092487,1371,3428,3.94333333333333,1271,0.37
"RWD","UNITED LINCOLNSHIRE HOSPITALS NHS TRUST",2017,1.1487,"United Lincolnshire Hospitals NHS Trust",66,18,16,"2,916",2,10,33,39,16,3199,1,6,22,40,32,3157,1,3,20,37,39,3145,1,5,8,50,37,"3,195",1,2,6,46,44,"3,176",2,10,12,45,31,"3,193",2,10,19,51,17,"3,210",3,10,18,53,17,"3,201",8,20,26,35,11,"3,200",5,18,29,39,10,"3,194",8,25,27,35,6,"3,171",8,23,22,39,7,"3,180",21,33,21,21,4,"3,188",3,8,21,55,13,"3,178",9,20,21,39,12,"3,183",3,5,18,53,21,"3,192",2916,3.57,1759,3.99,2273,4.1,2390,3.57,0.940944568087072,512,3.95014111006585,0.927259090943796,1010,4.10079491255962,0.887975943542384,1227,3167,3.88666666666667,1212,0.39
"RWE","UNIVERSITY HOSPITALS OF LEICESTER NHS TRUST",2017,0.9663,"University Hospitals Of Leicester NHS Trust",67,17,16,"4,453",2,8,30,41,18,4749,1,4,20,41,34,4669,1,3,19,35,41,4623,1,4,6,49,39,"4,732",1,2,5,43,49,"4,684",2,9,10,43,36,"4,729",2,9,17,51,21,"4,761",3,9,15,52,21,"4,765",7,18,24,37,13,"4,762",5,15,27,41,13,"4,759",7,23,25,38,8,"4,730",9,23,21,39,9,"4,731",19,31,21,24,5,"4,733",3,8,19,55,15,"4,723",8,17,20,42,12,"4,721",3,5,16,53,24,"4,747",4453,3.62,2802,4.03,3502,4.09,3513,3.65652913653764,0.933925863610804,855,4.02955665024631,0.888843686016732,1587,4.13133741258741,0.894923901888634,1895,4680,3.91333333333333,1679,0.36
"RWF","MAIDSTONE AND TUNBRIDGE WELLS NHS TRUST",2017,1.0219,"Maidstone And Tunbridge Wells NHS Trust",60,17,23,"399",3,8,30,42,18,396,1,6,18,44,30,393,1,5,15,39,39,391,1,2,6,53,39,"398",1,2,4,45,49,"397",2,7,11,46,33,"393",2,7,22,53,17,"399",2,7,19,51,21,"399",8,19,23,37,13,"396",5,14,25,44,12,"397",7,24,25,37,8,"396",11,23,22,34,10,"397",22,27,23,22,5,"397",3,7,17,58,17,"398",9,15,19,41,16,"394",2,5,18,51,24,"397",399,3.67,238,3.93,291,4.07,305,3.63,0.964585955300463,71,3.96666666666667,0.907787879748722,118,4.10594315245478,0.914274154682613,152,393,3.89,131,0.33
"RWG","WEST HERTFORDSHIRE HOSPITALS NHS TRUST",2017,0.9798,"West Hertfordshire Hospitals NHS Trust",67,15,18,"1,837",3,7,28,42,20,1853,1,4,19,39,37,1834,1,4,16,34,44,1837,2,3,7,47,41,"1,852",1,2,5,40,52,"1,848",2,8,11,43,36,"1,843",2,7,17,53,21,"1,864",2,7,16,52,22,"1,859",6,15,24,40,15,"1,855",4,11,27,44,14,"1,848",6,20,25,40,8,"1,850",8,21,21,39,11,"1,856",16,28,24,27,5,"1,853",3,6,18,56,18,"1,844",5,13,19,45,18,"1,853",2,4,16,52,27,"1,854",1837,3.69,1149,4.07,1394,4.13,1433,3.68932038834951,0.967649564290237,371,4.07146753955265,0.896267658867102,679,4.17271727172717,0.909125380789369,808,1841,3.96333333333333,680,0.37
"RWH","EAST AND NORTH HERTFORDSHIRE NHS TRUST",2017,1.0736,"East And North Hertfordshire NHS Trust",62,17,21,"1,607",3,10,31,42,15,1600,1,4,22,43,30,1600,2,4,18,37,39,1602,1,5,8,48,38,"1,605",2,3,6,42,48,"1,600",3,9,12,43,33,"1,601",3,9,18,49,20,"1,607",3,9,16,50,22,"1,606",10,19,24,34,14,"1,605",6,15,26,39,13,"1,602",9,23,26,35,7,"1,598",12,24,24,33,7,"1,601",22,31,23,21,4,"1,603",4,7,20,53,16,"1,598",10,18,20,38,14,"1,601",3,5,16,51,26,"1,592",1607,3.59,912,3.97,1168,4.07,1218,3.55445544554455,0.959620642535494,240,3.97,0.877257652071256,480,4.0705368289638,0.951355697368292,625,1601,3.87666666666667,603,0.38
"RWJ","STOCKPORT NHS FOUNDATION TRUST",2017,0.9609,"Stockport NHS Foundation Trust",66,14,20,"1,949",2,11,34,38,15,2134,1,5,23,40,32,2093,1,4,18,34,42,2090,1,5,8,47,40,"2,140",1,3,5,42,50,"2,117",3,10,11,45,31,"2,115",3,10,16,49,22,"2,137",2,9,14,53,22,"2,128",6,19,22,37,15,"2,128",4,15,26,42,13,"2,125",8,27,24,33,7,"2,112",9,25,20,38,8,"2,116",19,34,20,22,4,"2,121",3,8,18,55,16,"2,120",8,17,18,42,15,"2,124",3,5,17,51,25,"2,123",1949,3.53,1131,4,1507,4.09,1588,3.52927400468384,0.943562109211509,320,3.96026490066225,0.911789078691255,670,4.13091787439614,0.917980335094614,878,2106,3.87333333333333,854,0.41
"RWP","WORCESTERSHIRE ACUTE HOSPITALS NHS TRUST",2017,1.0476,"Worcestershire Acute Hospitals NHS Trust",68,18,14,"1,932",2,9,32,41,16,1946,1,4,19,41,35,1930,1,3,18,38,40,1930,1,5,6,48,40,"1,936",1,2,5,44,49,"1,926",3,10,10,45,32,"1,928",3,9,18,50,20,"1,948",4,9,16,52,19,"1,945",8,21,22,36,14,"1,934",6,17,26,40,12,"1,938",9,25,25,35,7,"1,937",9,23,20,40,8,"1,938",20,31,22,23,4,"1,936",3,6,19,56,16,"1,930",8,18,19,41,14,"1,934",3,5,17,50,25,"1,932",1932,3.6,1109,4.05,1467,4.13,1505,3.59969167523124,0.927489303842908,311,4.05077720207254,0.886808992286883,676,4.13063763608087,0.878831066483665,772,1935,3.92666666666667,748,0.39
"RWW","WARRINGTON AND HALTON HOSPITALS NHS FOUNDATION TRUST",2017,1.0673,"Warrington and Halton Hospitals NHS Foundation Trust",62,21,17,"1,780",2,9,34,39,16,1791,1,5,22,38,34,1780,1,3,20,37,40,1781,1,4,6,50,38,"1,784",1,2,5,44,48,"1,781",2,9,9,44,36,"1,773",2,9,17,53,20,"1,794",2,7,17,53,21,"1,791",6,18,25,36,15,"1,785",4,14,28,40,15,"1,785",5,21,27,37,10,"1,786",5,18,17,47,13,"1,784",15,32,24,24,5,"1,784",2,5,19,57,17,"1,772",7,16,20,41,15,"1,781",2,4,15,56,23,"1,786",1780,3.58,985,3.99,1282,4.15,1371,3.58012283640424,0.930024440411715,287,3.98932584269663,0.922761086050308,605,4.10901001112347,0.889133696361494,712,1784,3.90666666666667,624,0.35
"RWY","CALDERDALE AND HUDDERSFIELD NHS FOUNDATION TRUST",2017,1.0064,"Calderdale and Huddersfield NHS Foundation Trust",65,17,18,"2,283",3,10,33,41,13,2413,1,5,21,42,31,2381,1,3,19,36,42,2363,1,6,8,47,39,"2,405",1,2,4,42,52,"2,401",2,10,10,43,36,"2,409",2,8,16,52,22,"2,413",2,7,14,55,22,"2,415",6,19,23,37,15,"2,417",4,14,26,43,13,"2,407",8,28,24,33,7,"2,407",6,20,20,45,10,"2,401",18,33,21,23,5,"2,408",2,7,21,54,16,"2,404",6,16,21,42,15,"2,404",1,5,14,55,25,"2,416",2283,3.51,1303,3.97,1738,4.18,1843,3.51077943615257,0.943162812399149,314,3.9697606047879,0.900005313603532,738,4.13782991202346,0.8913418778611,992,2386,3.88666666666667,996,0.42
"RX1","NOTTINGHAM UNIVERSITY HOSPITALS NHS TRUST",2017,1.0185,"Nottingham University Hospitals NHS Trust",67,16,17,"4,847",2,10,31,41,16,5198,1,4,22,41,31,5093,1,4,21,38,36,5079,1,4,7,49,40,"5,198",1,2,5,43,49,"5,157",2,8,10,46,34,"5,157",3,8,16,52,21,"5,203",3,8,15,53,22,"5,202",6,17,24,37,15,"5,201",4,13,27,42,13,"5,197",6,22,25,39,8,"5,179",7,22,20,41,9,"5,178",14,30,22,28,6,"5,187",2,7,19,56,16,"5,164",8,17,20,41,14,"5,175",2,5,16,52,24,"5,191",4847,3.59,2963,3.94,3667,4.04,3758,3.59003462870335,0.939313448444591,832,3.97976993256644,0.887652133932645,1579,4.03977160858437,0.904886534665826,1828,5123,3.85666666666667,1930,0.38
"RXC","EAST SUSSEX HEALTHCARE NHS TRUST",2017,1.0449,"East Sussex Healthcare NHS Trust",67,17,16,"3,197",3,9,32,41,16,3209,1,4,22,42,31,3166,1,4,19,37,39,3180,1,4,8,50,37,"3,223",1,2,5,46,46,"3,218",2,9,11,45,33,"3,211",2,8,19,51,21,"3,224",3,7,17,52,22,"3,224",7,18,25,37,14,"3,214",4,15,29,39,13,"3,205",6,24,27,36,7,"3,200",8,24,23,37,8,"3,218",15,32,25,22,5,"3,216",2,6,19,55,18,"3,212",5,11,19,45,19,"3,211",2,4,16,52,27,"3,210",3197,3.61,1829,3.98,2311,4.09,2417,3.57420549213206,0.957814445537829,513,3.97916008841175,0.883738213438281,981,4.08993710691824,0.906839897323446,1240,3185,3.89333333333333,1157,0.36
"RXF","MID YORKSHIRE HOSPITALS NHS TRUST",2017,0.9862,"Mid Yorkshire Hospitals NHS Trust",65,14,21,"3,039",4,11,33,39,14,3340,1,5,22,40,32,3259,2,4,20,36,38,3251,1,5,8,48,39,"3,336",1,3,5,44,47,"3,314",3,10,11,42,34,"3,327",3,10,18,49,20,"3,337",3,9,16,50,21,"3,334",7,19,23,38,14,"3,328",5,16,26,40,12,"3,329",8,23,24,38,7,"3,310",6,18,20,45,10,"3,310",21,30,19,24,5,"3,315",4,7,18,56,15,"3,305",7,16,17,43,16,"3,313",3,5,15,54,23,"3,320",3039,3.51,1770,3.97,2346,4.04,2406,3.47540011855365,0.991433543583736,468,3.96963190184049,0.911215710616358,1043,4.04,0.958479353763689,1235,3283,3.84,1328,0.41
"RXH","BRIGHTON AND SUSSEX UNIVERSITY HOSPITALS NHS TRUST",2017,0.9977,"Brighton And Sussex University Hospitals NHS Trust",73,12,15,"4,156",3,10,36,38,13,4208,1,5,24,44,25,4154,2,4,22,39,34,4063,1,4,7,50,38,"4,103",1,2,5,46,47,"4,079",2,10,12,45,31,"4,196",2,9,19,51,19,"4,195",3,8,17,55,17,"4,205",8,19,25,38,11,"4,196",5,15,28,41,10,"4,189",7,25,26,35,6,"4,190",10,26,21,36,7,"4,200",23,34,19,20,3,"4,199",4,7,22,54,14,"4,199",9,18,21,40,12,"4,203",3,5,18,53,22,"4,200",4156,3.48,2146,3.84,2866,4.02,2966,3.48003802281369,0.943157862694033,547,3.87819110138585,0.879950385190807,1038,3.98001949317739,0.943745732397818,1381,4142,3.78,1881,0.45
"RXK","SANDWELL AND WEST BIRMINGHAM HOSPITALS NHS TRUST",2017,1.1259,"Sandwell And West Birmingham Hospitals NHS Trust",63,18,19,"296",3,8,31,46,11,297,1,4,23,44,28,296,1,2,17,35,45,295,1,4,7,47,40,"297",2,2,6,44,47,"294",1,10,11,42,36,"295",1,9,14,52,23,"297",3,9,13,50,25,"297",6,16,26,34,18,"294",3,11,27,43,17,"294",7,22,26,38,7,"294",5,22,20,45,7,"295",15,27,25,28,5,"295",3,8,15,59,15,"293",6,12,18,48,16,"293",2,5,14,54,24,"294",296,3.51,169,3.94,213,4.21,236,3.54576271186441,0.905636551023888,33,3.93918918918919,0.873150161635492,83,4.21016949152542,0.866946889924879,133,296,3.88666666666667,87,0.43
"RXL","BLACKPOOL TEACHING HOSPITALS NHS FOUNDATION TRUST",2017,1.1453,"Blackpool Teaching Hospitals NHS Foundation Trust",66,16,17,"2,179",2,8,30,44,17,2331,0,4,19,41,35,2305,1,3,15,36,46,2288,1,5,6,47,41,"2,320",1,2,5,41,51,"2,303",2,7,9,45,36,"2,323",2,7,15,51,25,"2,331",2,6,12,55,25,"2,329",6,14,20,42,18,"2,326",4,11,23,45,17,"2,327",7,22,22,41,8,"2,315",9,22,20,40,9,"2,316",16,31,21,26,6,"2,323",2,6,16,58,18,"2,316",5,12,16,47,20,"2,324",2,4,12,53,28,"2,323",2179,3.69,1422,4.04,1752,4.26,1876,3.65335598980459,0.917122036287154,396,4.08106923751096,0.837001126666755,807,4.21722198182605,0.875089250889921,1052,2308,3.99666666666667,893,0.39
"RXN","LANCASHIRE TEACHING HOSPITALS NHS FOUNDATION TRUST",2017,1.044,"Lancashire Teaching Hospitals NHS Foundation Trust",64,17,18,"3,521",2,9,31,42,16,3813,1,4,20,42,33,3772,1,3,18,38,40,3770,1,4,7,49,39,"3,824",1,2,5,43,49,"3,797",2,8,9,46,34,"3,790",2,7,17,52,21,"3,831",2,7,16,54,21,"3,823",6,17,24,39,14,"3,816",4,13,28,42,13,"3,815",6,23,24,39,8,"3,809",6,19,19,46,10,"3,803",15,31,21,27,6,"3,811",2,7,18,56,16,"3,800",6,15,19,45,15,"3,803",2,4,15,54,25,"3,810",3521,3.61,2212,4.02,2829,4.13,2941,3.61017838405037,0.926125246022135,610,4.01988335100742,0.88349561690181,1245,4.1296738265712,0.879713827776745,1508,3785,3.92,1353,0.36
"RXP","COUNTY DURHAM AND DARLINGTON NHS FOUNDATION TRUST",2017,1.0448,"County Durham and Darlington NHS Foundation Trust",73,13,14,"3,078",3,10,33,39,15,3082,1,5,23,39,33,3066,1,3,19,37,39,3056,1,5,7,48,39,"3,091",1,2,5,43,49,"3,089",3,8,10,42,37,"3,083",3,9,19,50,20,"3,093",2,8,16,54,20,"3,094",8,19,25,36,13,"3,085",4,16,30,38,12,"3,085",7,23,25,38,7,"3,078",10,25,20,38,8,"3,087",19,31,21,24,5,"3,083",2,5,19,57,16,"3,081",5,14,16,46,18,"3,079",2,5,15,53,26,"3,079",3078,3.53,1664,4.01,2208,4.07,2323,3.53034728984096,0.963525137730676,462,3.97029383274136,0.917330103930742,1012,4.11034027089528,0.887443871887393,1192,3068,3.87,1142,0.37
"RXQ","BUCKINGHAMSHIRE HEALTHCARE NHS TRUST",2017,1.0049,"Buckinghamshire Healthcare NHS Trust",72,14,15,"2,814",2,7,30,44,17,2816,1,4,21,43,32,2792,1,3,20,38,38,2795,1,5,7,50,37,"2,831",1,2,5,44,49,"2,821",2,8,11,46,33,"2,811",1,7,18,54,21,"2,827",2,6,15,56,21,"2,826",6,16,24,39,15,"2,820",3,13,27,43,13,"2,818",7,24,27,36,6,"2,823",7,22,22,42,8,"2,813",19,32,24,22,4,"2,814",2,7,18,56,17,"2,816",5,13,17,47,17,"2,806",1,4,15,54,26,"2,808",2814,3.67,1718,4.04,2094,4.09,2124,3.67045454545455,0.905907554163123,479,3.99964539007092,0.879186562795057,893,4.08980322003578,0.884621533950495,1062,2801,3.93333333333333,926,0.33
"RXR","EAST LANCASHIRE HOSPITALS NHS TRUST",2017,1.0675,"East Lancashire Hospitals NHS Trust",65,17,19,"3,164",3,8,31,40,17,3347,1,4,21,41,34,3301,1,3,17,36,43,3266,1,4,7,48,40,"3,301",1,2,5,41,52,"3,277",1,7,9,43,40,"3,326",2,8,17,49,23,"3,344",2,6,14,53,25,"3,345",6,15,23,39,17,"3,348",3,12,25,43,16,"3,338",5,20,23,41,10,"3,338",5,15,19,49,12,"3,334",14,25,23,30,8,"3,346",2,6,18,55,19,"3,345",5,13,17,44,21,"3,346",2,4,15,52,26,"3,344",3164,3.57,1908,4.06,2476,4.17,2580,3.60621605310803,0.96186130263222,569,4.01980198019802,0.88990150616141,1122,4.16962645437844,0.884445638276983,1404,3305,3.93333333333333,1121,0.34
"RXW","SHREWSBURY AND TELFORD HOSPITAL NHS TRUST",2017,1.0287,"The Shrewsbury And Telford Hospital NHS Trust",62,21,17,"2,345",3,9,32,40,16,2351,1,4,21,41,33,2331,1,3,19,37,40,2337,1,5,7,52,35,"2,341",1,3,6,46,44,"2,327",3,10,10,46,31,"2,332",2,8,17,52,20,"2,353",2,9,17,53,20,"2,350",6,19,24,37,14,"2,346",3,15,26,43,13,"2,341",7,25,26,36,6,"2,347",8,23,21,40,8,"2,346",17,34,22,23,4,"2,342",2,7,18,57,16,"2,334",6,15,20,43,14,"2,329",2,6,17,52,24,"2,329",2345,3.57,1317,4.01,1725,4.12,1799,3.56911952360698,0.962823436104608,376,4.01029601029601,0.888107622077302,769,4.1206675224647,0.885570147266641,935,2340,3.9,884,0.38
"RYJ","IMPERIAL COLLEGE HEALTHCARE NHS TRUST",2017,0.7512,"Imperial College Healthcare NHS Trust",70,16,14,"455",1,10,28,42,18,484,1,4,22,40,33,484,1,4,19,35,42,481,1,3,7,46,43,"494",1,2,8,40,49,"488",2,8,10,44,36,"488",2,7,19,49,23,"492",4,7,16,52,22,"492",8,13,26,39,14,"493",4,11,23,46,15,"492",7,21,24,39,10,"489",7,19,20,43,11,"492",16,26,23,31,4,"491",3,7,19,52,19,"488",6,17,18,43,16,"488",2,5,14,51,29,"489",455,3.63,290,4,353,4.16,370,3.66597077244259,0.92224408361972,87,4.00206611570248,0.895118963240408,160,4.11958762886598,0.917082958032017,202,483,3.93,191,0.4
"RYR","WESTERN SUSSEX HOSPITALS NHS FOUNDATION TRUST",2017,0.959,"Western Sussex Hospitals NHS Foundation Trust",71,14,15,"4,446",2,8,30,43,17,4449,1,4,21,43,32,4411,1,3,19,39,39,4414,1,3,6,51,39,"4,466",1,2,5,44,48,"4,437",2,7,10,47,34,"4,427",2,8,18,53,20,"4,465",2,7,16,54,22,"4,458",5,15,26,39,15,"4,456",3,12,27,43,15,"4,445",5,20,27,41,7,"4,441",5,17,19,47,12,"4,449",16,28,23,27,5,"4,442",2,6,18,57,18,"4,433",5,13,17,46,19,"4,434",1,4,15,54,26,"4,432",4446,3.65,2669,4.04,3308,4.15,3443,3.64980894583052,0.920685829175216,756,4.00044893378227,0.878572839311999,1412,4.10904195647296,0.877481811096269,1721,4425,3.94666666666667,1516,0.34
"R1F1",NA,NA,NA,"Isle of Wight NHS Trust (acute sector)",61,23,15,"1,068",3,10,34,39,13,1070,1,5,23,42,29,1063,1,4,18,36,40,1061,1,6,9,48,36,"1,068",0,3,7,44,46,"1,066",2,12,13,44,29,"1,063",3,10,19,51,18,"1,075",3,9,17,51,21,"1,072",7,17,25,37,13,"1,074",5,14,28,41,11,"1,068",8,25,28,34,5,"1,069",7,22,21,42,8,"1,073",20,36,25,16,4,"1,067",3,10,21,52,14,"1,063",8,14,19,42,17,"1,067",3,6,15,51,25,"1,068",1068,3.46,556,3.93,755,4.07,806,3.49480642115203,0.946948853781954,139,3.92937853107345,0.899105949180386,308,4.11047619047619,0.910265971620044,424,1065,3.82,481,0.45
"RCU",NA,NA,NA,"Sheffield Children's NHS Foundation Trust",63,16,20,"1,404",3,11,32,42,12,1485,1,6,22,43,28,1478,1,3,20,39,36,1475,1,6,8,52,33,"1,486",1,2,6,45,46,"1,486",3,11,13,46,27,"1,486",2,7,16,49,25,"1,488",3,7,15,51,24,"1,488",8,17,22,39,15,"1,489",4,14,26,42,14,"1,484",10,30,21,33,6,"1,484",9,24,21,40,7,"1,486",17,34,21,25,5,"1,485",3,9,17,56,16,"1,482",7,16,16,45,16,"1,485",2,4,15,54,24,"1,485",1404,3.49,802,3.91,1049,4.03,1106,3.48956228956229,0.944229250956213,178,3.90939824205544,0.907739748443098,414,4.07054794520548,0.879954809748398,531,1479,3.81,642,0.44
"RM2",NA,NA,NA,"University Hospital of South Manchester NHS Foundation Trust",65,16,20,"1,920",3,10,30,41,16,2076,2,5,22,40,32,2044,1,4,18,35,42,2045,2,6,9,46,37,"2,081",1,3,6,41,49,"2,070",3,8,9,44,35,"2,064",4,10,16,48,22,"2,078",4,9,14,50,23,"2,077",8,17,22,37,17,"2,075",6,14,25,40,15,"2,066",8,23,24,37,9,"2,059",7,21,19,42,10,"2,058",18,29,20,27,6,"2,067",4,8,18,54,16,"2,069",8,16,18,41,17,"2,066",3,5,13,53,27,"2,070",1920,3.57,1183,3.98,1472,4.13,1575,3.56984585741811,0.97211044805442,332,3.94043583535109,0.952778883400126,654,4.13056234718826,0.912014783548665,859,2055,3.89333333333333,759,0.38
"RW3",NA,NA,NA,"Central Manchester University Hospitals NHS Foundation Trust",64,17,20,"4,465",3,10,30,40,17,4915,1,4,21,40,33,4828,1,3,18,35,42,4813,1,5,7,48,38,"4,922",1,3,5,43,48,"4,867",2,9,10,45,34,"4,872",3,9,17,48,23,"4,937",3,8,15,51,23,"4,923",7,17,22,37,17,"4,923",4,14,25,42,16,"4,915",9,25,23,34,8,"4,902",8,20,20,42,10,"4,906",20,30,20,25,6,"4,904",3,8,18,54,17,"4,894",7,15,18,41,18,"4,896",2,5,15,51,26,"4,901",4465,3.58,2802,3.97,3524,4.11,3706,3.58026449643947,0.981626657450969,836,4.01025319104415,0.893033546140924,1593,4.15176322418136,0.891473500964483,2021,4852,3.88666666666667,1920,0.4
