"Code","Year.index","SHMI.index","SHMI.before","SHMI.after","Survey.observations.index","Survey.clinical.proportion.index","Survey.engagement.observations.index","Engagement.index","Survey.engagement.observations.before","Engagement.before","Survey.engagement.observations.after","Engagement.after"
"R0A",2017,0.9723,NA,0.9302,NA,NA,NA,NA,NA,NA,6963,3.94666666666667
"R1F",2017,1.1239,1.0466,1.0088,NA,NA,NA,NA,NA,NA,NA,NA
"R1F1",NA,NA,NA,NA,1068,0.61,1065,3.82,1146,3.82666666666667,885,3.81
"R1H",2017,0.9105,0.8821,0.8777,6513,0.71,6932,3.91333333333333,6538,3.96333333333333,7313,3.94666666666667
"R1K",2017,0.8263,0.8158,0.8294,3526,0.78,3715,4.03666666666667,2791,4.00333333333333,3403,4.01666666666667
"RA2",2017,0.8102,0.9121,0.7995,1484,0.67,1567,3.95333333333333,1230,3.94666666666667,1443,3.97333333333333
"RA3",2017,1.0219,1.1106,0.9023,722,0.71,722,3.86,567,3.89,620,3.81333333333333
"RA4",2017,0.9552,0.9958,1.0049,1282,0.66,1275,3.94333333333333,1365,3.95333333333333,1319,4.02
"RA7",2017,1.0168,0.9913,1.0504,3716,0.65,3692,3.88,3543,3.86333333333333,4720,3.90666666666667
"RA9",2017,0.9159,0.8312,0.9036,2047,0.62,2132,3.89,2690,3.93333333333333,2478,3.92333333333333
"RAE",2017,0.9305,0.9748,0.9086,2002,0.65,2002,3.96,453,3.93,2055,4
"RAJ",2017,1.1152,1.1743,1.1195,1735,0.69,1744,3.87333333333333,1697,3.88,2127,3.91
"RAL",2017,0.8646,0.9012,0.827,4094,0.7,4072,3.94666666666667,3688,3.96666666666667,3176,3.98
"RAP",2017,0.8558,0.8893,0.881,1144,0.76,1203,4.02,973,4.05,1201,4.02
"RAS",2017,0.9448,0.9313,0.9588,1488,0.69,1513,4.03333333333333,1400,4.07333333333333,1509,4.00333333333333
"RAX",2017,0.8574,0.8584,0.8193,1413,0.7,1515,3.97333333333333,1384,3.95666666666667,1702,3.93
"RBA",2017,0.8907,0.9844,0.9266,1696,0.68,1730,3.97,2063,3.95,1678,3.91666666666667
"RBD",2017,1.1382,1.1551,1.2059,1312,0.67,1310,3.93333333333333,1366,3.85,1303,3.9
"RBK",2017,1.0966,1.0339,1.1234,1507,0.66,1509,3.81333333333333,1701,3.81333333333333,1663,3.87333333333333
"RBL",2017,0.9556,0.9699,0.9722,377,0.62,375,3.91,549,3.92333333333333,2603,3.86333333333333
"RBN",2017,1.0165,1.0347,0.9908,620,0.65,617,3.98666666666667,675,3.99333333333333,611,4.09333333333333
"RBT",2017,1.0412,1.0424,1.0548,666,0.65,669,3.90666666666667,707,3.99333333333333,648,3.96666666666667
"RBZ",2017,1.0771,1.0438,0.9977,1134,0.64,1148,3.97,442,3.96,1130,4.00666666666667
"RC1",2017,1.026,1.049,1.0578,442,0.72,458,3.99,490,3.96,1211,3.99
"RC9",2017,1.0702,1.0595,1.0461,2092,0.74,2087,3.99333333333333,510,4.02666666666667,631,3.99666666666667
"RCB",2017,0.9889,0.974,0.9828,4064,0.68,4061,3.87,3803,3.89666666666667,3628,3.9
"RCD",2017,0.9044,0.9398,0.9273,610,0.71,626,3.95666666666667,647,4.02,1558,3.95333333333333
"RCF",2017,0.9862,0.9656,0.9017,1168,0.61,1225,3.94333333333333,1028,3.89,1170,3.96
"RCU",NA,NA,NA,NA,1404,0.63,1479,3.81,1147,3.86333333333333,1696,3.84333333333333
"RCX",2017,0.9822,1.0098,0.9956,1411,0.71,1413,3.94333333333333,1362,3.96666666666667,1348,3.83666666666667
"RD1",2017,0.9888,1.0089,0.9934,2241,0.66,2243,3.91333333333333,2205,3.95,2280,3.92
"RD3",2017,0.8642,0.8325,0.9159,1822,0.74,1814,4.00333333333333,1885,3.98333333333333,1856,3.94
"RD8",2017,0.9361,1.0404,1.0466,1404,0.64,1374,3.91666666666667,1400,3.92666666666667,1440,3.92666666666667
"RDD",2017,1.0826,1.0363,1.0196,2200,0.71,2195,3.91333333333333,1856,4.01333333333333,1940,3.96
"RDE",2017,1.1427,1.0897,1.141,1562,0.64,1555,3.89,403,3.92666666666667,3554,3.9
"RDU",2017,0.918,0.9032,0.9122,3200,0.67,3391,4.00666666666667,3006,4.06333333333333,3680,4.08333333333333
"RDZ",2017,0.972,0.937,0.9981,1910,0.65,2005,4.02333333333333,1931,3.98666666666667,2351,4.01666666666667
"RE9",2017,1.201,1.1413,1.2681,1464,0.71,1571,3.82333333333333,1630,3.80666666666667,1408,3.82666666666667
"REF",2017,0.9696,0.9674,0.9762,2840,0.65,2837,3.86666666666667,2148,3.82,1932,3.84333333333333
"REM",2017,0.9882,1.0701,0.9975,2116,0.68,2231,3.81666666666667,1923,3.80333333333333,1785,3.85
"RF4",2017,1.0232,1.0712,0.9593,2641,0.7,2765,3.97666666666667,2465,4.05,2713,3.99
"RFF",2017,1.0147,0.9915,1.0261,1236,0.69,1297,3.81666666666667,1461,3.78333333333333,1459,3.9
"RFR",2017,1.0904,1.1013,1.0572,1646,0.63,1694,3.8,1608,3.79333333333333,1588,3.83333333333333
"RFS",2017,1.019,0.9868,0.994,2392,0.73,2353,3.87,1248,3.85666666666667,2710,3.89333333333333
"RGN",2017,1.0785,1.0734,1.046,466,0.67,465,3.94666666666667,2006,4.00666666666667,2158,3.97
"RGP",2017,1.1768,1.1517,1.1152,523,0.71,521,3.89,526,3.92666666666667,487,3.93
"RGQ",2017,1.0501,0.9962,NA,1912,0.68,1919,3.95333333333333,553,3.93666666666667,NA,NA
"RGR",2017,0.8853,0.9037,0.9029,576,0.71,585,3.98333333333333,615,4.03,594,3.97333333333333
"RGT",2017,0.8651,0.8126,0.8802,4096,0.62,4511,3.89,3917,3.96333333333333,5081,3.96
"RH8",2017,1.1132,1.0518,1.0576,3711,0.67,3909,3.95,2666,3.93,4175,3.98333333333333
"RHM",2017,0.9452,0.9589,0.9398,4431,0.7,4673,3.98666666666667,3601,3.98666666666667,4593,3.97
"RHQ",2017,0.9536,0.9846,0.9571,6797,0.63,7145,3.85666666666667,7039,3.84333333333333,7443,3.85
"RHU",2017,1.0571,1.1002,1.0212,4175,0.71,4165,3.91333333333333,3905,3.98,4019,3.85
"RHW",2017,1.0552,1.0174,1.046,2045,0.67,2168,3.95333333333333,1807,3.97666666666667,2318,4.02
"RJ1",2017,0.7204,0.7518,0.7017,5313,0.63,5293,3.98666666666667,5033,4.07666666666667,6428,3.99333333333333
"RJ2",2017,0.9696,1.0003,0.9698,1825,0.74,1813,3.89666666666667,1709,3.95333333333333,2062,3.94333333333333
"RJ6",2017,0.8837,0.9061,0.9677,1306,0.71,1347,3.98666666666667,1139,4.00666666666667,878,3.97333333333333
"RJ7",2017,0.8173,0.8446,0.8394,3980,0.71,4211,3.88,3359,3.87,4379,3.83666666666667
"RJC",2017,1.0103,1.071,0.9912,583,0.7,586,3.97333333333333,651,4.11333333333333,621,4.01666666666667
"RJE",2017,1.046,1.0082,1.0554,3983,0.65,4184,3.87,3614,3.89,4226,3.89333333333333
"RJF",2017,0.982,0.9918,NA,1264,0.67,1390,3.96,1289,3.95666666666667,NA,NA
"RJL",2017,1.191,1.1218,1.1263,1967,0.61,2014,3.79333333333333,2497,3.89333333333333,1974,3.85333333333333
"RJN",2017,1.071,1.1139,1.1472,1025,0.66,1024,3.93,1046,4.00666666666667,1139,3.95666666666667
"RJR",2017,1.067,1.0904,1.069,1466,0.67,1466,3.86666666666667,1351,3.89666666666667,439,3.89333333333333
"RJZ",2017,0.9287,0.9292,0.9589,4552,0.76,4815,3.85333333333333,3762,3.89333333333333,4610,3.84333333333333
"RK5",2017,1.0201,0.951,0.9672,2436,0.64,2450,3.92666666666667,501,3.96666666666667,2752,3.95333333333333
"RK9",2017,1.0337,1.0004,1.0808,3544,0.68,3805,3.87333333333333,3012,3.85,3532,3.91
"RKB",2017,1.1197,1.1047,1.1202,3146,0.69,3154,3.96666666666667,2988,3.95,2895,3.99
"RKE",2017,0.7437,0.6907,0.7703,1552,0.74,1648,3.95,430,3.88333333333333,1912,3.92
"RL4",2017,1.2181,1.1101,1.2173,3234,0.66,3229,3.93666666666667,391,4,3101,3.96
"RLN",2017,0.9634,1.0061,0.9912,1724,0.71,1878,3.92,1672,3.93333333333333,2202,3.90666666666667
"RLQ",2017,1.1668,1.1894,1.0586,1475,0.72,1466,3.93333333333333,1418,3.98,547,3.98333333333333
"RLT",2017,1.0863,1.1012,1.1427,907,0.69,905,3.91333333333333,838,3.90333333333333,800,3.87333333333333
"RM1",2017,1.0647,1.0897,1.0748,3493,0.67,3500,3.82666666666667,3175,3.82666666666667,3472,3.84333333333333
"RM2",NA,NA,0.9551,NA,1920,0.65,2055,3.89333333333333,433,3.90333333333333,NA,NA
"RM3",2017,0.8902,0.8992,0.9182,2872,0.63,3134,3.84333333333333,3629,3.88666666666667,3255,3.89666666666667
"RMC",2017,1.0523,1.0432,1.1385,524,0.62,521,3.94666666666667,436,3.98333333333333,544,4.04333333333333
"RMP",2017,1.0789,1.0926,1.2193,498,0.66,489,4.00666666666667,474,4.03,1492,3.96333333333333
"RN3",2017,0.9518,0.9368,0.8556,2270,0.73,2419,3.94333333333333,592,4.01,525,3.89333333333333
"RN5",2017,1.0289,1.039,1.0205,2321,0.69,2494,3.96666666666667,2568,3.96,2548,3.89
"RN7",2017,1.0808,1.0378,1.0729,1536,0.74,1531,3.93333333333333,1442,3.95333333333333,1438,3.89333333333333
"RNA",2017,1.0435,0.9859,1.1792,1578,0.71,1674,3.92333333333333,1967,3.97,1640,3.88
"RNL",2017,0.9831,0.9747,0.9636,1785,0.62,1864,3.82666666666667,1746,3.85,1695,3.83
"RNQ",2017,1.107,1.0403,1.0812,1375,0.61,1380,3.88666666666667,1145,3.96666666666667,1749,3.97666666666667
"RNS",2017,0.979,0.9579,1.0362,1742,0.63,1826,3.93666666666667,1600,3.98666666666667,2104,3.94666666666667
"RNZ",2017,1.0798,1.0207,0.9969,1401,0.62,1481,3.97666666666667,1152,4,1320,3.90666666666667
"RP5",2017,1.0462,1.0363,1.0465,2857,0.72,3069,3.81333333333333,2877,3.85666666666667,3260,3.82666666666667
"RPA",2017,1.0271,1.0914,1.1022,1748,0.64,1748,3.87333333333333,1964,3.94,1596,3.80333333333333
"RQ6",2017,1.0511,1.0367,1.0444,2876,0.61,3031,3.79,2720,3.80666666666667,2569,3.82333333333333
"RQ8",2017,1.0899,1.0748,1.1085,1502,0.72,1507,3.87333333333333,445,4.01,1486,3.88
"RQM",2017,0.8149,0.8273,0.8022,1632,0.77,1708,3.96,2434,3.94,2276,4.02
"RQQ",NA,NA,NA,NA,NA,NA,NA,NA,617,4.03,NA,NA
"RQW",2017,1.1213,1.0551,1.1669,1040,0.64,1126,3.92,1177,3.90333333333333,1299,3.96
"RQX",2017,0.8147,0.774,0.6917,1709,0.76,1800,3.94333333333333,1805,3.94,1862,3.92
"RR1",2017,0.9624,0.9662,NA,3738,0.68,3982,3.88,3533,3.90666666666667,NA,NA
"RR7",2017,1.017,0.9987,1.0409,1568,0.67,1563,3.94,1156,3.92666666666667,1403,3.87333333333333
"RR8",2017,1.015,0.9787,1.0744,5111,0.63,5071,3.88666666666667,7002,3.92666666666667,6313,3.93333333333333
"RRF",2017,1.1729,1.1756,1.1025,428,0.6,427,4.08,435,4.01,421,3.93
"RRK",2017,1.0295,1.0364,0.9744,3557,0.63,3813,3.91666666666667,3479,3.93333333333333,6770,3.90333333333333
"RRV",2017,0.7515,0.7466,0.7255,3018,0.68,3230,3.91666666666667,3204,3.97,3052,3.92
"RTD",2017,0.9282,0.9595,0.9847,4507,0.63,4524,3.88666666666667,4383,3.92333333333333,6599,3.92333333333333
"RTE",2017,1.0695,1.1401,1.026,3589,0.67,3571,3.83333333333333,3730,3.83333333333333,3127,3.84333333333333
"RTF",2017,1.0142,1.0325,1.0147,887,0.7,878,3.94333333333333,910,3.98333333333333,882,4.00666666666667
"RTG",2017,0.9394,1.0203,0.9676,3206,0.7,3384,3.96,2449,3.95666666666667,4429,3.95
"RTH",2017,0.9309,0.9354,0.921,4166,0.66,4461,3.91,457,4.00666666666667,5674,3.89666666666667
"RTK",2017,0.9478,0.9642,0.9781,1513,0.66,1580,3.99333333333333,1508,4.06,1608,4.06666666666667
"RTP",2017,0.9494,0.9569,0.9468,2467,0.73,2450,4.02,2374,4.07,2522,4.04
"RTR",2017,1.1056,1.0267,1.0946,407,0.67,406,3.83666666666667,2716,3.83333333333333,408,3.8
"RTX",2017,1.0038,1.0335,1.0087,2055,0.62,2140,3.91,2130,3.9,2371,3.96333333333333
"RVJ",2017,0.9552,0.9667,0.9214,3667,0.63,3662,3.83,395,3.90333333333333,3310,3.85666666666667
"RVR",2017,0.9527,0.9493,0.9657,2432,0.68,2412,3.92,2500,3.95,1967,3.88333333333333
"RVV",2017,1.0156,1.0105,1.0574,3307,0.65,3630,3.82333333333333,3404,3.84,3476,3.83333333333333
"RVW",2017,1.0499,1.1029,1.0072,610,0.66,610,3.9,735,3.95333333333333,555,3.93666666666667
"RVY",2017,1.1419,1.1588,1.1316,1253,0.67,1243,3.82333333333333,1610,3.88333333333333,1113,3.83333333333333
"RW3",NA,NA,1.1179,NA,4465,0.64,4852,3.88666666666667,391,3.95,NA,NA
"RW6",2017,1.0077,1.0906,0.9723,2834,0.63,2946,3.88,3971,3.84333333333333,3098,3.85666666666667
"RWA",2017,1.1034,1.0721,1.088,3100,0.67,3428,3.94333333333333,3474,3.96333333333333,3153,3.94333333333333
"RWD",2017,1.1487,1.1139,1.1405,2916,0.66,3167,3.88666666666667,2801,3.96666666666667,3346,3.82333333333333
"RWE",2017,0.9663,1.0058,0.9901,4453,0.67,4680,3.91333333333333,431,3.97333333333333,5315,3.95333333333333
"RWF",2017,1.0219,1.0878,1.0391,399,0.6,393,3.89,437,3.94333333333333,1860,3.92
"RWG",2017,0.9798,0.8952,0.9646,1837,0.67,1841,3.96333333333333,1745,3.95,2019,4.01666666666667
"RWH",2017,1.0736,1.0231,0.999,1607,0.62,1601,3.87666666666667,1788,3.97666666666667,2350,3.92666666666667
"RWJ",2017,0.9609,0.9101,0.9631,1949,0.66,2106,3.87333333333333,1930,3.90666666666667,603,3.90666666666667
"RWP",2017,1.0476,1.0675,1.1132,1932,0.68,1935,3.92666666666667,1717,3.89666666666667,1956,3.9
"RWW",2017,1.0673,1.0978,1.0992,1780,0.62,1784,3.90666666666667,1456,3.91333333333333,1958,3.95666666666667
"RWY",2017,1.0064,1.0473,1.0025,2283,0.65,2386,3.88666666666667,545,3.95333333333333,2738,3.92333333333333
"RX1",2017,1.0185,1.0272,1.053,4847,0.67,5123,3.85666666666667,4765,3.89,5278,3.86333333333333
"RXC",2017,1.0449,1.0919,0.9996,3197,0.67,3185,3.89333333333333,2912,3.89333333333333,3579,3.9
"RXF",2017,0.9862,0.9886,0.9907,3039,0.65,3283,3.84,477,3.80333333333333,504,3.88666666666667
"RXH",2017,0.9977,0.9632,1.011,4156,0.73,4142,3.78,3094,3.82,4644,3.84666666666667
"RXK",2017,1.1259,1.0356,1.135,296,0.63,296,3.88666666666667,308,3.89666666666667,272,3.96333333333333
"RXL",2017,1.1453,1.1425,1.1499,2179,0.66,2308,3.99666666666667,2501,3.97,2278,3.97666666666667
"RXN",2017,1.044,1.0086,0.9713,3521,0.64,3785,3.92,3084,3.92,3553,3.86666666666667
"RXP",2017,1.0448,1.0612,1.0922,3078,0.73,3068,3.87,460,3.91,327,3.86
"RXQ",2017,1.0049,0.9366,0.9924,2814,0.72,2801,3.93333333333333,2959,3.96,2925,3.96666666666667
"RXR",2017,1.0675,1.0443,1.0692,3164,0.65,3305,3.93333333333333,3445,3.97,3595,3.99666666666667
"RXW",2017,1.0287,1.0031,0.9896,2345,0.62,2340,3.9,2033,3.91333333333333,2530,3.81
"RYJ",2017,0.7512,0.7645,0.7321,455,0.7,483,3.93,489,3.97333333333333,540,3.98
"RYR",2017,0.959,0.9566,0.9815,4446,0.71,4425,3.94666666666667,3894,3.93,4302,3.91333333333333
"R0A",NA,NA,NA,0.9723,NA,NA,NA,NA,NA,NA,NA,NA
"R1F",2016,1.0466,0.9944,1.1239,NA,NA,NA,NA,NA,NA,NA,NA
"R1F1",NA,NA,NA,NA,1142,0.64,1146,3.82666666666667,356,3.84333333333333,1065,3.82
"R1H",2016,0.8821,0.9003,0.9105,6161,0.7,6538,3.96333333333333,4063,3.89666666666667,6932,3.91333333333333
"R1K",2016,0.8158,0.903,0.8263,2588,0.74,2791,4.00333333333333,259,4.10666666666667,3715,4.03666666666667
"RA2",2016,0.9121,0.8637,0.8102,1232,0.69,1230,3.94666666666667,1392,3.98666666666667,1567,3.95333333333333
"RA3",2016,1.1106,1.1674,1.0219,568,0.72,567,3.89,357,3.97666666666667,722,3.86
"RA4",2016,0.9958,1.0184,0.9552,1375,0.67,1365,3.95333333333333,1188,3.98666666666667,1275,3.94333333333333
"RA7",2016,0.9913,0.9774,1.0168,3561,0.67,3543,3.86333333333333,3586,3.86333333333333,3692,3.88
"RA9",2016,0.8312,0.8219,0.9159,2677,0.61,2690,3.93333333333333,2670,3.92,2132,3.89
"RAE",2016,0.9748,0.9465,0.9305,463,0.7,453,3.93,379,3.95666666666667,2002,3.96
"RAJ",2016,1.1743,1.1516,1.1152,1689,0.68,1697,3.88,1815,3.84333333333333,1744,3.87333333333333
"RAL",2016,0.9012,0.8852,0.8646,3450,0.69,3688,3.96666666666667,3092,3.96333333333333,4072,3.94666666666667
"RAP",2016,0.8893,0.9494,0.8558,941,0.74,973,4.05,201,4.06,1203,4.02
"RAS",2016,0.9313,0.8805,0.9448,1413,0.7,1400,4.07333333333333,932,4.05666666666667,1513,4.03333333333333
"RAX",2016,0.8584,0.9263,0.8574,1305,0.69,1384,3.95666666666667,1093,3.94,1515,3.97333333333333
"RBA",2016,0.9844,1,0.8907,2069,0.72,2063,3.95,367,4.02333333333333,1730,3.97
"RBD",2016,1.1551,1.1493,1.1382,1366,0.68,1366,3.85,1434,3.91,1310,3.93333333333333
"RBK",2016,1.0339,1.046,1.0966,1695,0.68,1701,3.81333333333333,1400,3.83,1509,3.81333333333333
"RBL",2016,0.9699,0.9834,0.9556,551,0.63,549,3.92333333333333,499,4.00666666666667,375,3.91
"RBN",2016,1.0347,1.0338,1.0165,681,0.68,675,3.99333333333333,439,4.02,617,3.98666666666667
"RBT",2016,1.0424,0.9684,1.0412,706,0.64,707,3.99333333333333,496,4.01,669,3.90666666666667
"RBZ",2016,1.0438,1.0085,1.0771,438,0.65,442,3.96,406,4.08,1148,3.97
"RC1",2016,1.049,0.9937,1.026,493,0.7,490,3.96,317,4.05,458,3.99
"RC9",2016,1.0595,1.1032,1.0702,508,0.75,510,4.02666666666667,395,3.97666666666667,2087,3.99333333333333
"RCB",2016,0.974,0.9949,0.9889,3854,0.67,3803,3.89666666666667,3790,3.92333333333333,4061,3.87
"RCD",2016,0.9398,0.9392,0.9044,621,0.67,647,4.02,479,4.01666666666667,626,3.95666666666667
"RCF",2016,0.9656,0.9074,0.9862,1022,0.64,1028,3.89,998,3.92,1225,3.94333333333333
"RCU",NA,NA,NA,NA,1090,0.59,1147,3.86333333333333,1264,3.89666666666667,1479,3.81
"RCX",2016,1.0098,0.9107,0.9822,1364,0.76,1362,3.96666666666667,410,3.96333333333333,1413,3.94333333333333
"RD1",2016,1.0089,0.9741,0.9888,2192,0.67,2205,3.95,2265,3.90666666666667,2243,3.91333333333333
"RD3",2016,0.8325,0.9172,0.8642,1894,0.74,1885,3.98333333333333,1402,3.97333333333333,1814,4.00333333333333
"RD8",2016,1.0404,1.0261,0.9361,1415,0.65,1400,3.92666666666667,1484,3.96,1374,3.91666666666667
"RDD",2016,1.0363,0.9421,1.0826,1853,0.7,1856,4.01333333333333,1424,3.93666666666667,2195,3.91333333333333
"RDE",2016,1.0897,1.0694,1.1427,374,0.67,403,3.92666666666667,254,3.90666666666667,1555,3.89
"RDU",2016,0.9032,0.9341,0.918,2916,0.67,3006,4.06333333333333,304,4.00333333333333,3391,4.00666666666667
"RDZ",2016,0.937,0.9843,0.972,1837,0.67,1931,3.98666666666667,1558,4.02666666666667,2005,4.02333333333333
"RE9",2016,1.1413,1.1556,1.201,1508,0.72,1630,3.80666666666667,1475,3.82666666666667,1571,3.82333333333333
"REF",2016,0.9674,1.0857,0.9696,2146,0.64,2148,3.82,1831,3.76333333333333,2837,3.86666666666667
"REM",2016,1.0701,1.0364,0.9882,1815,0.68,1923,3.80333333333333,1744,3.90666666666667,2231,3.81666666666667
"RF4",2016,1.0712,0.9598,1.0232,2323,0.72,2465,4.05,2035,4.01333333333333,2765,3.97666666666667
"RFF",2016,0.9915,0.9857,1.0147,1346,0.7,1461,3.78333333333333,1253,3.84666666666667,1297,3.81666666666667
"RFR",2016,1.1013,1.0501,1.0904,1558,0.65,1608,3.79333333333333,1618,3.79,1694,3.8
"RFS",2016,0.9868,0.9844,1.019,1200,0.61,1248,3.85666666666667,1993,3.93666666666667,2353,3.87
"RFW",NA,NA,NA,NA,NA,NA,NA,NA,890,4.02666666666667,NA,NA
"RGN",2016,1.0734,1.0455,1.0785,2026,0.68,2006,4.00666666666667,375,3.92666666666667,465,3.94666666666667
"RGP",2016,1.1517,1.0895,1.1768,528,0.71,526,3.92666666666667,398,4.02,521,3.89
"RGQ",2016,0.9962,0.9811,1.0501,555,0.74,553,3.93666666666667,401,3.99666666666667,1919,3.95333333333333
"RGR",2016,0.9037,0.8765,0.8853,615,0.71,615,4.03,456,3.97,585,3.98333333333333
"RGT",2016,0.8126,0.8363,0.8651,3539,0.66,3917,3.96333333333333,3176,3.95333333333333,4511,3.89
"RH8",2016,1.0518,0.9815,1.1132,2513,0.64,2666,3.93,337,3.93333333333333,3909,3.95
"RHM",2016,0.9589,0.9509,0.9452,3374,0.67,3601,3.98666666666667,3518,3.96,4673,3.98666666666667
"RHQ",2016,0.9846,0.9362,0.9536,6748,0.63,7039,3.84333333333333,412,3.81666666666667,7145,3.85666666666667
"RHU",2016,1.1002,1.0711,1.0571,3926,0.7,3905,3.98,4237,3.96333333333333,4165,3.91333333333333
"RHW",2016,1.0174,0.9457,1.0552,1708,0.67,1807,3.97666666666667,1937,3.97666666666667,2168,3.95333333333333
"RJ1",2016,0.7518,0.7424,0.7204,5058,0.65,5033,4.07666666666667,4378,4.03666666666667,5293,3.98666666666667
"RJ2",2016,1.0003,1.0129,0.9696,1712,0.71,1709,3.95333333333333,1478,3.94666666666667,1813,3.89666666666667
"RJ6",2016,0.9061,0.9858,0.8837,1060,0.7,1139,4.00666666666667,NA,NA,1347,3.98666666666667
"RJ7",2016,0.8446,0.9057,0.8173,3128,0.72,3359,3.87,2500,3.84333333333333,4211,3.88
"RJC",2016,1.071,1.0548,1.0103,651,0.71,651,4.11333333333333,436,4.02,586,3.97333333333333
"RJE",2016,1.0082,1.033,1.046,3370,0.64,3614,3.89,284,3.99,4184,3.87
"RJF",2016,0.9918,0.9653,0.982,1165,0.68,1289,3.95666666666667,387,4,1390,3.96
"RJL",2016,1.1218,1.0755,1.191,2457,0.67,2497,3.89333333333333,407,3.96,2014,3.79333333333333
"RJN",2016,1.1139,1.0279,1.071,1043,0.68,1046,4.00666666666667,1175,3.94,1024,3.93
"RJR",2016,1.0904,1.0527,1.067,1360,0.69,1351,3.89666666666667,1475,3.87,1466,3.86666666666667
"RJZ",2016,0.9292,0.8709,0.9287,3756,0.73,3762,3.89333333333333,244,3.96,4815,3.85333333333333
"RK5",2016,0.951,0.9909,1.0201,500,0.64,501,3.96666666666667,377,3.86333333333333,2450,3.92666666666667
"RK9",2016,1.0004,1.0047,1.0337,3017,0.66,3012,3.85,2665,3.82666666666667,3805,3.87333333333333
"RKB",2016,1.1047,1.0627,1.1197,2992,0.71,2988,3.95,328,4.03,3154,3.96666666666667
"RKE",2016,0.6907,0.6688,0.7437,414,0.71,430,3.88333333333333,1186,3.93,1648,3.95
"RL4",2016,1.1101,1.0395,1.2181,390,0.64,391,4,327,4.10666666666667,3229,3.93666666666667
"RLN",2016,1.0061,0.976,0.9634,1670,0.72,1672,3.93333333333333,252,3.95,1878,3.92
"RLQ",2016,1.1894,1.152,1.1668,1424,0.71,1418,3.98,380,4,1466,3.93333333333333
"RLT",2016,1.1012,1.1506,1.0863,828,0.67,838,3.90333333333333,710,3.85333333333333,905,3.91333333333333
"RM1",2016,1.0897,1.0401,1.0647,3172,0.68,3175,3.82666666666667,3214,3.84333333333333,3500,3.82666666666667
"RM2",2016,0.9551,0.9793,NA,435,0.69,433,3.90333333333333,302,3.82333333333333,2055,3.89333333333333
"RM3",2016,0.8992,0.8962,0.8902,3385,0.63,3629,3.88666666666667,355,3.9,3134,3.84333333333333
"RMC",2016,1.0432,1.045,1.0523,439,0.72,436,3.98333333333333,374,4.05,521,3.94666666666667
"RMP",2016,1.0926,1.1493,1.0789,471,0.64,474,4.03,321,4.03333333333333,489,4.00666666666667
"RN3",2016,0.9368,0.9466,0.9518,554,0.71,592,4.01,363,4.11,2419,3.94333333333333
"RN5",2016,1.039,1.1067,1.0289,2375,0.71,2568,3.96,2341,3.95333333333333,2494,3.96666666666667
"RN7",2016,1.0378,1.0695,1.0808,1449,0.72,1442,3.95333333333333,1429,4.01333333333333,1531,3.93333333333333
"RNA",2016,0.9859,0.998,1.0435,1858,0.73,1967,3.97,384,3.99333333333333,1674,3.92333333333333
"RNL",2016,0.9747,1.0121,0.9831,1696,0.65,1746,3.85,397,3.87,1864,3.82666666666667
"RNQ",2016,1.0403,1.0757,1.107,1142,0.61,1145,3.96666666666667,917,3.92,1380,3.88666666666667
"RNS",2016,0.9579,0.9842,0.979,1601,0.65,1600,3.98666666666667,1432,3.91333333333333,1826,3.93666666666667
"RNZ",2016,1.0207,1.1184,1.0798,1057,0.6,1152,4,990,4.06666666666667,1481,3.97666666666667
"RP5",2016,1.0363,1.0004,1.0462,2697,0.71,2877,3.85666666666667,2738,3.92333333333333,3069,3.81333333333333
"RPA",2016,1.0914,1.1274,1.0271,1970,0.66,1964,3.94,1467,3.90333333333333,1748,3.87333333333333
"RQ6",2016,1.0367,1.0229,1.0511,2701,0.61,2720,3.80666666666667,2370,3.83666666666667,3031,3.79
"RQ8",2016,1.0748,1.0814,1.0899,445,0.69,445,4.01,214,3.92666666666667,1507,3.87333333333333
"RQM",2016,0.8273,0.8777,0.8149,2392,0.8,2434,3.94,1494,3.91333333333333,1708,3.96
"RQQ",NA,NA,1.0828,NA,621,0.7,617,4.03,710,4.01,NA,NA
"RQW",2016,1.0551,0.9941,1.1213,1069,0.67,1177,3.90333333333333,265,3.92,1126,3.92
"RQX",2016,0.774,0.9421,0.8147,1722,0.76,1805,3.94,1174,3.95333333333333,1800,3.94333333333333
"RR1",2016,0.9662,0.9759,0.9624,3358,0.66,3533,3.90666666666667,2783,3.81333333333333,3982,3.88
"RR7",2016,0.9987,0.9646,1.017,1152,0.64,1156,3.92666666666667,1221,3.84666666666667,1563,3.94
"RR8",2016,0.9787,1.0065,1.015,6558,0.67,7002,3.92666666666667,7329,3.88666666666667,5071,3.88666666666667
"RRF",2016,1.1756,1.1153,1.1729,435,0.59,435,4.01,298,4.12333333333333,427,4.08
"RRK",2016,1.0364,1.0269,1.0295,3295,0.62,3479,3.93333333333333,407,3.97,3813,3.91666666666667
"RRV",2016,0.7466,0.7586,0.7515,2995,0.68,3204,3.97,2569,3.90333333333333,3230,3.91666666666667
"RTD",2016,0.9595,0.9875,0.9282,4364,0.64,4383,3.92333333333333,400,3.9,4524,3.88666666666667
"RTE",2016,1.1401,1.1069,1.0695,3740,0.7,3730,3.83333333333333,3654,3.86666666666667,3571,3.83333333333333
"RTF",2016,1.0325,1.0372,1.0142,914,0.7,910,3.98333333333333,631,4.00333333333333,878,3.94333333333333
"RTG",2016,1.0203,1.0242,0.9394,2280,0.65,2449,3.95666666666667,2433,3.92333333333333,3384,3.96
"RTH",2016,0.9354,0.9858,0.9309,423,0.66,457,4.00666666666667,238,3.87,4461,3.91
"RTK",2016,0.9642,0.9377,0.9478,1474,0.65,1508,4.06,1492,3.93666666666667,1580,3.99333333333333
"RTP",2016,0.9569,0.9518,0.9494,2381,0.76,2374,4.07,2135,4.06666666666667,2450,4.02
"RTR",2016,1.0267,1.1009,1.1056,2519,0.65,2716,3.83333333333333,3851,3.82,406,3.83666666666667
"RTX",2016,1.0335,0.9914,1.0038,2028,0.61,2130,3.9,408,3.93666666666667,2140,3.91
"RVJ",2016,0.9667,0.9017,0.9552,370,0.63,395,3.90333333333333,2600,3.83,3662,3.83
"RVR",2016,0.9493,0.9574,0.9527,2497,0.69,2500,3.95,1490,3.99,2412,3.92
"RVV",2016,1.0105,0.9989,1.0156,3150,0.63,3404,3.84,2986,3.85,3630,3.82333333333333
"RVW",2016,1.1029,1.1731,1.0499,736,0.68,735,3.95333333333333,367,3.89666666666667,610,3.9
"RVY",2016,1.1588,1.0789,1.1419,1628,0.72,1610,3.88333333333333,392,3.96,1243,3.82333333333333
"RW3",2016,1.1179,1.0045,NA,390,0.61,391,3.95,345,3.96,4852,3.88666666666667
"RW6",2016,1.0906,1.0796,1.0077,3877,0.66,3971,3.84333333333333,238,3.84,2946,3.88
"RWA",2016,1.0721,1.1223,1.1034,3213,0.67,3474,3.96333333333333,294,3.93333333333333,3428,3.94333333333333
"RWD",2016,1.1139,1.1099,1.1487,2816,0.67,2801,3.96666666666667,273,3.88666666666667,3167,3.88666666666667
"RWE",2016,1.0058,0.9816,0.9663,421,0.65,431,3.97333333333333,208,3.99,4680,3.91333333333333
"RWF",2016,1.0878,1.0568,1.0219,437,0.68,437,3.94333333333333,332,3.97,393,3.89
"RWG",2016,0.8952,0.9378,0.9798,1749,0.65,1745,3.95,1307,3.95,1841,3.96333333333333
"RWH",2016,1.0231,1.0969,1.0736,1748,0.65,1788,3.97666666666667,1679,3.97666666666667,1601,3.87666666666667
"RWJ",2016,0.9101,0.9748,0.9609,1808,0.63,1930,3.90666666666667,1844,3.88333333333333,2106,3.87333333333333
"RWP",2016,1.0675,1.1257,1.0476,1709,0.68,1717,3.89666666666667,366,3.9,1935,3.92666666666667
"RWW",2016,1.0978,1.1065,1.0673,1453,0.61,1456,3.91333333333333,273,3.93,1784,3.90666666666667
"RWY",2016,1.0473,1.138,1.0064,532,0.65,545,3.95333333333333,328,3.93666666666667,2386,3.88666666666667
"RX1",2016,1.0272,1.0535,1.0185,4451,0.68,4765,3.89,3576,3.95,5123,3.85666666666667
"RXC",2016,1.0919,1.1352,1.0449,2933,0.69,2912,3.89333333333333,2368,3.76666666666667,3185,3.89333333333333
"RXF",2016,0.9886,0.9473,0.9862,443,0.64,477,3.80333333333333,2934,3.77,3283,3.84
"RXH",2016,0.9632,0.9583,0.9977,2920,0.67,3094,3.82,339,3.88333333333333,4142,3.78
"RXK",2016,1.0356,0.9927,1.1259,308,0.69,308,3.89666666666667,156,3.97666666666667,296,3.88666666666667
"RXL",2016,1.1425,1.15,1.1453,2322,0.66,2501,3.97,2042,4.02333333333333,2308,3.99666666666667
"RXN",2016,1.0086,0.9948,1.044,2897,0.61,3084,3.92,2494,3.88,3785,3.92
"RXP",2016,1.0612,1.023,1.0448,462,0.66,460,3.91,441,3.96,3068,3.87
"RXQ",2016,0.9366,0.9868,1.0049,2970,0.72,2959,3.96,2835,3.96,2801,3.93333333333333
"RXR",2016,1.0443,1.0635,1.0675,3238,0.65,3445,3.97,2824,3.97666666666667,3305,3.93333333333333
"RXW",2016,1.0031,1.0265,1.0287,2038,0.68,2033,3.91333333333333,2277,3.91666666666667,2340,3.9
"RYJ",2016,0.7645,0.758,0.7512,453,0.67,489,3.97333333333333,264,3.93333333333333,483,3.93
"RYR",2016,0.9566,1.0127,0.959,3927,0.7,3894,3.93,3419,3.87333333333333,4425,3.94666666666667
"R1F",2015,0.9944,1.0212,1.0466,NA,NA,NA,NA,NA,NA,NA,NA
"R1F1",NA,NA,NA,NA,353,0.61,356,3.84333333333333,362,3.8,1146,3.82666666666667
"R1H",2015,0.9003,0.8452,0.8821,3898,0.71,4063,3.89666666666667,3769,3.81,6538,3.96333333333333
"R1K",2015,0.903,0.8802,0.8158,263,0.74,259,4.10666666666667,263,4.00666666666667,2791,4.00333333333333
"RA2",2015,0.8637,0.7997,0.9121,1393,0.7,1392,3.98666666666667,1264,3.90333333333333,1230,3.94666666666667
"RA3",2015,1.1674,1.0183,1.1106,362,0.72,357,3.97666666666667,394,3.81,567,3.89
"RA4",2015,1.0184,1.0107,0.9958,1198,0.67,1188,3.98666666666667,1219,3.84,1365,3.95333333333333
"RA7",2015,0.9774,0.9781,0.9913,3588,0.69,3586,3.86333333333333,3609,3.78333333333333,3543,3.86333333333333
"RA9",2015,0.8219,0.9785,0.8312,2678,0.63,2670,3.92,433,3.91,2690,3.93333333333333
"RAE",2015,0.9465,0.9684,0.9748,385,0.67,379,3.95666666666667,301,3.87,453,3.93
"RAJ",2015,1.1516,1.0361,1.1743,1828,0.71,1815,3.84333333333333,1720,3.71666666666667,1697,3.88
"RAL",2015,0.8852,0.8608,0.9012,2997,0.69,3092,3.96333333333333,3719,3.86,3688,3.96666666666667
"RAP",2015,0.9494,0.9546,0.8893,203,0.72,201,4.06,209,3.96666666666667,973,4.05
"RAS",2015,0.8805,0.9197,0.9313,921,0.69,932,4.05666666666667,794,4.02666666666667,1400,4.07333333333333
"RAX",2015,0.9263,0.8783,0.8584,1095,0.69,1093,3.94,349,3.78,1384,3.95666666666667
"RBA",2015,1,0.9674,0.9844,368,0.7,367,4.02333333333333,238,3.83333333333333,2063,3.95
"RBD",2015,1.1493,1.079,1.1551,1430,0.7,1434,3.91,1362,3.85,1366,3.85
"RBK",2015,1.046,1.1032,1.0339,1401,0.69,1400,3.83,352,3.76,1701,3.81333333333333
"RBL",2015,0.9834,0.9661,0.9699,500,0.69,499,4.00666666666667,2432,3.67666666666667,549,3.92333333333333
"RBN",2015,1.0338,1.0659,1.0347,444,0.67,439,4.02,425,3.91,675,3.99333333333333
"RBT",2015,0.9684,0.9991,1.0424,501,0.7,496,4.01,539,3.89666666666667,707,3.99333333333333
"RBZ",2015,1.0085,0.9331,1.0438,406,0.75,406,4.08,362,3.94,442,3.96
"RC1",2015,0.9937,1.0353,1.049,320,0.72,317,4.05,348,4.03333333333333,490,3.96
"RC9",2015,1.1032,1.0206,1.0595,402,0.75,395,3.97666666666667,1183,3.91333333333333,510,4.02666666666667
"RCB",2015,0.9949,1.0116,0.974,3803,0.65,3790,3.92333333333333,1951,3.81666666666667,3803,3.89666666666667
"RCD",2015,0.9392,1.0132,0.9398,482,0.67,479,4.01666666666667,464,3.93666666666667,647,4.02
"RCF",2015,0.9074,0.9393,0.9656,1004,0.66,998,3.92,1028,3.81,1028,3.89
"RCU",NA,NA,NA,NA,1231,0.6,1264,3.89666666666667,NA,NA,1147,3.86333333333333
"RCX",2015,0.9107,0.9291,1.0098,411,0.73,410,3.96333333333333,392,3.85333333333333,1362,3.96666666666667
"RD1",2015,0.9741,0.9673,1.0089,2269,0.67,2265,3.90666666666667,2559,3.91,2205,3.95
"RD3",2015,0.9172,0.9895,0.8325,1397,0.67,1402,3.97333333333333,452,3.86333333333333,1885,3.98333333333333
"RD7",NA,NA,NA,NA,NA,NA,NA,NA,1242,3.95,NA,NA
"RD8",2015,1.0261,1.0024,1.0404,1482,0.66,1484,3.96,375,3.98333333333333,1400,3.92666666666667
"RDD",2015,0.9421,0.9838,1.0363,1434,0.68,1424,3.93666666666667,1207,3.84666666666667,1856,4.01333333333333
"RDE",2015,1.0694,1.0403,1.0897,252,0.8,254,3.90666666666667,1662,3.73333333333333,403,3.92666666666667
"RDU",2015,0.9341,0.9283,0.9032,308,0.7,304,4.00333333333333,1728,3.99,3006,4.06333333333333
"RDZ",2015,0.9843,1.0269,0.937,1527,0.66,1558,4.02666666666667,403,3.84333333333333,1931,3.98666666666667
"RE9",2015,1.1556,1.1749,1.1413,1407,0.71,1475,3.82666666666667,1750,3.79,1630,3.80666666666667
"REF",2015,1.0857,1.0413,0.9674,1832,0.65,1831,3.76333333333333,2189,3.61333333333333,2148,3.82
"REM",2015,1.0364,1.0759,1.0701,1664,0.65,1744,3.90666666666667,375,3.76,1923,3.80333333333333
"RF4",2015,0.9598,0.9679,1.0712,1946,0.7,2035,4.01333333333333,1751,3.88333333333333,2465,4.05
"RFF",2015,0.9857,1.0253,0.9915,1227,0.66,1253,3.84666666666667,1184,3.72,1461,3.78333333333333
"RFR",2015,1.0501,1.0643,1.1013,1609,0.65,1618,3.79,1661,3.69666666666667,1608,3.79333333333333
"RFS",2015,0.9844,0.929,0.9868,1978,0.69,1993,3.93666666666667,362,3.76333333333333,1248,3.85666666666667
"RFW",NA,NA,0.8871,NA,905,0.8,890,4.02666666666667,279,3.76333333333333,NA,NA
"RGN",2015,1.0455,1.0084,1.0734,374,0.65,375,3.92666666666667,368,3.85333333333333,2006,4.00666666666667
"RGP",2015,1.0895,1.1269,1.1517,400,0.74,398,4.02,370,3.96333333333333,526,3.92666666666667
"RGQ",2015,0.9811,0.9931,0.9962,399,0.73,401,3.99666666666667,416,3.87333333333333,553,3.93666666666667
"RGR",2015,0.8765,0.9034,0.9037,460,0.77,456,3.97,413,4,615,4.03
"RGT",2015,0.8363,0.8916,0.8126,3003,0.65,3176,3.95333333333333,1926,3.73,3917,3.96333333333333
"RH8",2015,0.9815,0.9181,1.0518,340,0.66,337,3.93333333333333,332,3.82666666666667,2666,3.93
"RHM",2015,0.9509,1.0156,0.9589,3415,0.67,3518,3.96,4112,3.87333333333333,3601,3.98666666666667
"RHQ",2015,0.9362,0.918,0.9846,413,0.64,412,3.81666666666667,342,3.85666666666667,7039,3.84333333333333
"RHU",2015,1.0711,1.084,1.1002,4250,0.7,4237,3.96333333333333,3703,3.88,3905,3.98
"RHW",2015,0.9457,1.0438,1.0174,1891,0.72,1937,3.97666666666667,1966,3.95666666666667,1807,3.97666666666667
"RJ1",2015,0.7424,0.8049,0.7518,4392,0.66,4378,4.03666666666667,275,3.98,5033,4.07666666666667
"RJ2",2015,1.0129,1.0435,1.0003,1483,0.7,1478,3.94666666666667,1400,3.82,1709,3.95333333333333
"RJ6",2015,0.9858,0.9731,0.9061,NA,NA,NA,NA,267,3.89,1139,4.00666666666667
"RJ7",2015,0.9057,0.8868,0.8446,2357,0.69,2500,3.84333333333333,2865,3.88666666666667,3359,3.87
"RJC",2015,1.0548,1.0504,1.071,438,0.74,436,4.02,433,3.99666666666667,651,4.11333333333333
"RJE",2015,1.033,1.0232,1.0082,269,0.64,284,3.99,374,3.81666666666667,3614,3.89
"RJF",2015,0.9653,0.9641,0.9918,385,0.71,387,4,392,3.91666666666667,1289,3.95666666666667
"RJL",2015,1.0755,1.0981,1.1218,405,0.72,407,3.96,241,3.8,2497,3.89333333333333
"RJN",2015,1.0279,0.9738,1.1139,1179,0.75,1175,3.94,274,3.86666666666667,1046,4.00666666666667
"RJR",2015,1.0527,1.0995,1.0904,1479,0.67,1475,3.87,1501,3.86333333333333,1351,3.89666666666667
"RJZ",2015,0.8709,0.9062,0.9292,246,0.68,244,3.96,243,3.82333333333333,3762,3.89333333333333
"RK5",2015,0.9909,1.0468,0.951,371,0.63,377,3.86333333333333,374,3.84333333333333,501,3.96666666666667
"RK9",2015,1.0047,0.9785,1.0004,2656,0.67,2665,3.82666666666667,381,3.65,3012,3.85
"RKB",2015,1.0627,1.0378,1.1047,327,0.7,328,4.03,312,3.89666666666667,2988,3.95
"RKE",2015,0.6688,0.6553,0.6907,1135,0.74,1186,3.93,1514,3.85,430,3.88333333333333
"RL4",2015,1.0395,0.9836,1.1101,324,0.64,327,4.10666666666667,284,3.8,391,4
"RLN",2015,0.976,1.0986,1.0061,253,0.69,252,3.95,330,3.80666666666667,1672,3.93333333333333
"RLQ",2015,1.152,1.1776,1.1894,380,0.73,380,4,338,3.94,1418,3.98
"RLT",2015,1.1506,1.0065,1.1012,709,0.72,710,3.85333333333333,769,3.84333333333333,838,3.90333333333333
"RM1",2015,1.0401,1.0194,1.0897,3219,0.7,3214,3.84333333333333,351,3.73666666666667,3175,3.82666666666667
"RM2",2015,0.9793,0.9997,0.9551,307,0.68,302,3.82333333333333,291,3.87333333333333,433,3.90333333333333
"RM3",2015,0.8962,0.9855,0.8992,339,0.66,355,3.9,442,3.99666666666667,3629,3.88666666666667
"RMC",2015,1.045,1.0675,1.0432,375,0.74,374,4.05,383,3.96666666666667,436,3.98333333333333
"RMP",2015,1.1493,1.1494,1.0926,325,0.61,321,4.03333333333333,295,3.93,474,4.03
"RN3",2015,0.9466,0.934,0.9368,353,0.7,363,4.11,452,3.9,592,4.01
"RN5",2015,1.1067,1.022,1.039,2257,0.68,2341,3.95333333333333,2325,3.85666666666667,2568,3.96
"RN7",2015,1.0695,1.037,1.0378,1443,0.74,1429,4.01333333333333,371,3.92666666666667,1442,3.95333333333333
"RNA",2015,0.998,1.038,0.9859,369,0.75,384,3.99333333333333,345,3.93,1967,3.97
"RNL",2015,1.0121,0.9806,0.9747,404,0.63,397,3.87,450,3.76666666666667,1746,3.85
"RNQ",2015,1.0757,0.9871,1.0403,917,0.61,917,3.92,1391,3.72,1145,3.96666666666667
"RNS",2015,0.9842,1.0126,0.9579,1430,0.66,1432,3.91333333333333,387,3.87,1600,3.98666666666667
"RNZ",2015,1.1184,1.0196,1.0207,952,0.57,990,4.06666666666667,479,3.98666666666667,1152,4
"RP5",2015,1.0004,1.124,1.0363,2650,0.71,2738,3.92333333333333,2544,3.87,2877,3.85666666666667
"RPA",2015,1.1274,1.2434,1.0914,1454,0.65,1467,3.90333333333333,327,3.88,1964,3.94
"RQ6",2015,1.0229,1.0415,1.0367,2373,0.62,2370,3.83666666666667,2241,3.72666666666667,2720,3.80666666666667
"RQ8",2015,1.0814,1.0236,1.0748,215,0.69,214,3.92666666666667,243,3.98666666666667,445,4.01
"RQM",2015,0.8777,0.8029,0.8273,1508,0.78,1494,3.91333333333333,1447,3.81,2434,3.94
"RQQ",2015,1.0828,0.9677,NA,713,0.72,710,4.01,740,3.91,617,4.03
"RQW",2015,0.9941,1.0808,1.0551,259,0.61,265,3.92,410,3.89,1177,3.90333333333333
"RQX",2015,0.9421,0.8701,0.774,1142,0.75,1174,3.95333333333333,1367,3.97,1805,3.94
"RR1",2015,0.9759,0.9856,0.9662,2797,0.64,2783,3.81333333333333,3727,3.73,3533,3.90666666666667
"RR7",2015,0.9646,1.0058,0.9987,1237,0.64,1221,3.84666666666667,1550,3.72333333333333,1156,3.92666666666667
"RR8",2015,1.0065,1.0311,0.9787,7077,0.67,7329,3.88666666666667,2412,3.76333333333333,7002,3.92666666666667
"RRF",2015,1.1153,1.0925,1.1756,298,0.65,298,4.12333333333333,299,4.06333333333333,435,4.01
"RRK",2015,1.0269,1.0313,1.0364,417,0.63,407,3.97,458,3.93333333333333,3479,3.93333333333333
"RRV",2015,0.7586,0.7849,0.7466,2449,0.67,2569,3.90333333333333,2882,3.89666666666667,3204,3.97
"RTD",2015,0.9875,0.978,0.9595,398,0.59,400,3.9,443,3.89333333333333,4383,3.92333333333333
"RTE",2015,1.1069,1.0973,1.1401,3661,0.69,3654,3.86666666666667,3809,3.77333333333333,3730,3.83333333333333
"RTF",2015,1.0372,1.0451,1.0325,633,0.7,631,4.00333333333333,657,3.93,910,3.98333333333333
"RTG",2015,1.0242,1.0377,1.0203,2373,0.65,2433,3.92333333333333,2909,3.82666666666667,2449,3.95666666666667
"RTH",2015,0.9858,0.9888,0.9354,223,0.64,238,3.87,249,3.99333333333333,457,4.00666666666667
"RTK",2015,0.9377,0.9325,0.9642,1498,0.7,1492,3.93666666666667,1445,3.91666666666667,1508,4.06
"RTP",2015,0.9518,0.9369,0.9569,2141,0.77,2135,4.06666666666667,1824,3.94,2374,4.07
"RTR",2015,1.1009,1.0268,1.0267,3867,0.7,3851,3.82,295,3.85,2716,3.83333333333333
"RTX",2015,0.9914,1.0181,1.0335,406,0.7,408,3.93666666666667,412,3.81333333333333,2130,3.9
"RVJ",2015,0.9017,0.9362,0.9667,2623,0.59,2600,3.83,214,3.57,395,3.90333333333333
"RVR",2015,0.9574,0.9902,0.9493,1499,0.62,1490,3.99,1617,3.83666666666667,2500,3.95
"RVV",2015,0.9989,1.0215,1.0105,2869,0.63,2986,3.85,2848,3.70333333333333,3404,3.84
"RVW",2015,1.1731,1.1824,1.1029,367,0.69,367,3.89666666666667,2138,3.74333333333333,735,3.95333333333333
"RVY",2015,1.0789,1.0727,1.1588,397,0.72,392,3.96,417,3.89333333333333,1610,3.88333333333333
"RW3",2015,1.0045,1.0171,1.1179,345,0.66,345,3.96,344,3.90333333333333,391,3.95
"RW6",2015,1.0796,1.0455,1.0906,224,0.58,238,3.84,2690,3.75,3971,3.84333333333333
"RWA",2015,1.1223,1.0726,1.0721,293,0.67,294,3.93333333333333,311,3.71333333333333,3474,3.96333333333333
"RWD",2015,1.1099,1.0981,1.1139,271,0.69,273,3.88666666666667,2773,3.71,2801,3.96666666666667
"RWE",2015,0.9816,0.9949,1.0058,209,0.65,208,3.99,3716,3.79333333333333,431,3.97333333333333
"RWF",2015,1.0568,1.0368,1.0878,330,0.62,332,3.97,417,3.88333333333333,437,3.94333333333333
"RWG",2015,0.9378,0.9015,0.8952,1316,0.63,1307,3.95,1686,3.85333333333333,1745,3.95
"RWH",2015,1.0969,1.1334,1.0231,1666,0.68,1679,3.97666666666667,317,3.85333333333333,1788,3.97666666666667
"RWJ",2015,0.9748,0.9312,0.9101,1841,0.61,1844,3.88333333333333,245,3.87666666666667,1930,3.90666666666667
"RWP",2015,1.1257,1.101,1.0675,369,0.75,366,3.9,318,3.89,1717,3.89666666666667
"RWW",2015,1.1065,1.1558,1.0978,272,0.66,273,3.93,246,3.8,1456,3.91333333333333
"RWY",2015,1.138,1.0926,1.0473,325,0.65,328,3.93666666666667,362,3.88,545,3.95333333333333
"RX1",2015,1.0535,0.9678,1.0272,3447,0.66,3576,3.95,322,3.85666666666667,4765,3.89
"RXC",2015,1.1352,1.1061,1.0919,2382,0.68,2368,3.76666666666667,2633,3.64666666666667,2912,3.89333333333333
"RXF",2015,0.9473,0.8788,0.9886,2826,0.69,2934,3.77,370,3.61333333333333,477,3.80333333333333
"RXH",2015,0.9583,0.952,0.9632,333,0.7,339,3.88333333333333,278,3.73666666666667,3094,3.82
"RXK",2015,0.9927,0.9584,1.0356,156,0.63,156,3.97666666666667,183,3.90666666666667,308,3.89666666666667
"RXL",2015,1.15,1.1662,1.1425,1986,0.67,2042,4.02333333333333,357,3.89333333333333,2501,3.97
"RXN",2015,0.9948,1.0783,1.0086,2394,0.62,2494,3.88,2601,3.86333333333333,3084,3.92
"RXP",2015,1.023,1.0086,1.0612,442,0.71,441,3.96,3213,3.75666666666667,460,3.91
"RXQ",2015,0.9868,1.0502,0.9366,2846,0.72,2835,3.96,369,3.82,2959,3.96
"RXR",2015,1.0635,1.0817,1.0443,2733,0.64,2824,3.97666666666667,2997,3.87666666666667,3445,3.97
"RXW",2015,1.0265,0.9976,1.0031,2280,0.7,2277,3.91666666666667,2345,3.79,2033,3.91333333333333
"RYJ",2015,0.758,0.75,0.7645,255,0.62,264,3.93333333333333,316,3.87,489,3.97333333333333
"RYR",2015,1.0127,1.0251,0.9566,3430,0.71,3419,3.87333333333333,3573,3.82333333333333,3894,3.93
"R1F",2014,1.0212,1.099,0.9944,NA,NA,NA,NA,NA,NA,NA,NA
"R1F1",NA,NA,NA,NA,356,0.68,362,3.8,426,3.79666666666667,356,3.84333333333333
"R1H",2014,0.8452,0.793,0.9003,3431,0.68,3769,3.81,5338,3.84333333333333,4063,3.89666666666667
"R1K",2014,0.8802,NA,0.903,261,0.77,263,4.00666666666667,NA,NA,259,4.10666666666667
"RA2",2014,0.7997,0.911,0.8637,1250,0.7,1264,3.90333333333333,335,3.92,1392,3.98666666666667
"RA3",2014,1.0183,1.004,1.1674,388,0.73,394,3.81,366,3.90333333333333,357,3.97666666666667
"RA4",2014,1.0107,1.051,1.0184,1210,0.72,1219,3.84,405,3.88333333333333,1188,3.98666666666667
"RA7",2014,0.9781,0.951,0.9774,3565,0.7,3609,3.78333333333333,434,3.91333333333333,3586,3.86333333333333
"RA9",2014,0.9785,0.927,0.8219,431,0.63,433,3.91,494,3.88333333333333,2670,3.92
"RAE",2014,0.9684,1.014,0.9465,277,0.63,301,3.87,362,3.91333333333333,379,3.95666666666667
"RAJ",2014,1.0361,1.048,1.1516,1719,0.7,1720,3.71666666666667,2381,3.80666666666667,1815,3.84333333333333
"RAL",2014,0.8608,0.81,0.8852,3476,0.68,3719,3.86,424,3.93,3092,3.96333333333333
"RAP",2014,0.9546,0.812,0.9494,195,0.73,209,3.96666666666667,898,3.97333333333333,201,4.06
"RAS",2014,0.9197,0.859,0.8805,785,0.68,794,4.02666666666667,1157,3.95,932,4.05666666666667
"RAX",2014,0.8783,0.932,0.9263,343,0.74,349,3.78,382,3.79,1093,3.94
"RBA",2014,0.9674,0.959,1,237,0.65,238,3.83333333333333,439,3.86666666666667,367,4.02333333333333
"RBD",2014,1.079,1.122,1.1493,1342,0.7,1362,3.85,1445,3.82666666666667,1434,3.91
"RBK",2014,1.1032,0.971,1.046,351,0.68,352,3.76,424,3.80666666666667,1400,3.83
"RBL",2014,0.9661,1.038,0.9834,2392,0.69,2432,3.67666666666667,3158,3.79333333333333,499,4.00666666666667
"RBN",2014,1.0659,1.018,1.0338,423,0.64,425,3.91,512,3.89,439,4.02
"RBT",2014,0.9991,1.119,0.9684,534,0.69,539,3.89666666666667,573,3.87333333333333,496,4.01
"RBZ",2014,0.9331,0.91,1.0085,361,0.71,362,3.94,474,3.97,406,4.08
"RC1",2014,1.0353,1.071,0.9937,348,0.69,348,4.03333333333333,354,3.89666666666667,317,4.05
"RC3",NA,NA,0.813,NA,NA,NA,NA,NA,496,4.00333333333333,NA,NA
"RC9",2014,1.0206,1.005,1.1032,1174,0.71,1183,3.91333333333333,436,4.04333333333333,395,3.97666666666667
"RCB",2014,1.0116,0.976,0.9949,1945,0.66,1951,3.81666666666667,4227,3.81,3790,3.92333333333333
"RCD",2014,1.0132,0.95,0.9392,456,0.7,464,3.93666666666667,488,3.92,479,4.01666666666667
"RCF",2014,0.9393,0.891,0.9074,1019,0.68,1028,3.81,1139,3.85,998,3.92
"RCU",NA,NA,NA,NA,NA,NA,NA,NA,NA,NA,1264,3.89666666666667
"RCX",2014,0.9291,1.028,0.9107,383,0.74,392,3.85333333333333,367,3.96333333333333,410,3.96333333333333
"RD1",2014,0.9673,0.976,0.9741,2552,0.71,2559,3.91,484,3.89,2265,3.90666666666667
"RD3",2014,0.9895,0.986,0.9172,449,0.76,452,3.86333333333333,514,3.94,1402,3.97333333333333
"RD7",NA,NA,0.979,NA,1238,0.68,1242,3.95,1545,3.88666666666667,NA,NA
"RD8",2014,1.0024,0.961,1.0261,370,0.71,375,3.98333333333333,405,3.84666666666667,1484,3.96
"RDD",2014,0.9838,1.082,0.9421,1185,0.68,1207,3.84666666666667,1352,3.86,1424,3.93666666666667
"RDE",2014,1.0403,1.079,1.0694,1639,0.72,1662,3.73333333333333,349,3.81666666666667,254,3.90666666666667
"RDU",2014,0.9283,0.909,0.9341,1720,0.71,1728,3.99,378,3.93666666666667,304,4.00333333333333
"RDZ",2014,1.0269,1.076,0.9843,394,0.68,403,3.84333333333333,462,3.9,1558,4.02666666666667
"RE9",2014,1.1749,1.106,1.1556,1645,0.73,1750,3.79,1429,3.80333333333333,1475,3.82666666666667
"REF",2014,1.0413,1.081,1.0857,2151,0.68,2189,3.61333333333333,2525,3.66666666666667,1831,3.76333333333333
"REM",2014,1.0759,1.132,1.0364,378,0.64,375,3.76,413,3.81666666666667,1744,3.90666666666667
"RF4",2014,0.9679,0.987,0.9598,1688,0.69,1751,3.88333333333333,1715,3.92,2035,4.01333333333333
"RFF",2014,1.0253,1.079,0.9857,1132,0.68,1184,3.72,511,3.78666666666667,1253,3.84666666666667
"RFR",2014,1.0643,1.08,1.0501,1647,0.69,1661,3.69666666666667,343,3.67,1618,3.79
"RFS",2014,0.929,1.032,0.9844,361,0.73,362,3.76333333333333,376,3.84,1993,3.93666666666667
"RFW",2014,0.8871,0.967,NA,273,0.77,279,3.76333333333333,334,3.83333333333333,890,4.02666666666667
"RGN",2014,1.0084,1.011,1.0455,365,0.68,368,3.85333333333333,406,3.92333333333333,375,3.92666666666667
"RGP",2014,1.1269,1.056,1.0895,364,0.74,370,3.96333333333333,273,3.92666666666667,398,4.02
"RGQ",2014,0.9931,1.104,0.9811,414,0.75,416,3.87333333333333,386,3.84,401,3.99666666666667
"RGR",2014,0.9034,0.951,0.8765,412,0.74,413,4,451,3.91,456,3.97
"RGT",2014,0.8916,0.86,0.8363,1888,0.63,1926,3.73,366,3.89,3176,3.95333333333333
"RH8",2014,0.9181,0.906,0.9815,331,0.67,332,3.82666666666667,384,3.78,337,3.93333333333333
"RHM",2014,1.0156,0.99,0.9509,3858,0.7,4112,3.87333333333333,474,3.78,3518,3.96
"RHQ",2014,0.918,0.884,0.9362,339,0.65,342,3.85666666666667,438,3.69666666666667,412,3.81666666666667
"RHU",2014,1.084,1.044,1.0711,3649,0.71,3703,3.88,3717,3.78333333333333,4237,3.96333333333333
"RHW",2014,1.0438,1.052,0.9457,1849,0.71,1966,3.95666666666667,453,4.02,1937,3.97666666666667
"RJ1",2014,0.8049,0.822,0.7424,271,0.66,275,3.98,409,3.92666666666667,4378,4.03666666666667
"RJ2",2014,1.0435,0.987,1.0129,1397,0.69,1400,3.82,861,3.89,1478,3.94666666666667
"RJ6",2014,0.9731,0.912,0.9858,266,0.79,267,3.89,350,4.01,NA,NA
"RJ7",2014,0.8868,0.796,0.9057,2646,0.72,2865,3.88666666666667,1519,3.78666666666667,2500,3.84333333333333
"RJC",2014,1.0504,1.054,1.0548,431,0.75,433,3.99666666666667,477,3.93666666666667,436,4.02
"RJD",NA,NA,0.904,NA,NA,NA,NA,NA,398,3.84,NA,NA
"RJE",2014,1.0232,1.074,1.033,333,0.63,374,3.81666666666667,408,3.91666666666667,284,3.99
"RJF",2014,0.9641,0.985,0.9653,387,0.72,392,3.91666666666667,523,3.85333333333333,387,4
"RJL",2014,1.0981,1.094,1.0755,237,0.66,241,3.8,303,3.81666666666667,407,3.96
"RJN",2014,0.9738,1.008,1.0279,269,0.75,274,3.86666666666667,337,3.83666666666667,1175,3.94
"RJR",2014,1.0995,1.093,1.0527,1484,0.67,1501,3.86333333333333,1794,3.94,1475,3.87
"RJZ",2014,0.9062,0.924,0.8709,241,0.78,243,3.82333333333333,331,4,244,3.96
"RK5",2014,1.0468,1.002,0.9909,371,0.67,374,3.84333333333333,396,3.93666666666667,377,3.86333333333333
"RK9",2014,0.9785,0.962,1.0047,379,0.66,381,3.65,379,3.79333333333333,2665,3.82666666666667
"RKB",2014,1.0378,1.002,1.0627,306,0.71,312,3.89666666666667,314,3.81666666666667,328,4.03
"RKE",2014,0.6553,0.624,0.6688,1394,0.73,1514,3.85,276,3.85333333333333,1186,3.93
"RL4",2014,0.9836,1,1.0395,282,0.67,284,3.8,295,3.92333333333333,327,4.10666666666667
"RLN",2014,1.0986,1.109,0.976,328,0.73,330,3.80666666666667,380,3.86,252,3.95
"RLQ",2014,1.1776,1.155,1.152,337,0.8,338,3.94,379,3.90666666666667,380,4
"RLT",2014,1.0065,1.076,1.1506,761,0.74,769,3.84333333333333,953,3.83,710,3.85333333333333
"RM1",2014,1.0194,0.966,1.0401,350,0.67,351,3.73666666666667,530,3.81,3214,3.84333333333333
"RM2",2014,0.9997,0.961,0.9793,287,0.67,291,3.87333333333333,308,3.91,302,3.82333333333333
"RM3",2014,0.9855,0.918,0.8962,417,0.69,442,3.99666666666667,467,4.02,355,3.9
"RMC",2014,1.0675,1.063,1.045,376,0.72,383,3.96666666666667,429,3.86,374,4.05
"RMP",2014,1.1494,1.118,1.1493,288,0.62,295,3.93,374,3.89,321,4.03333333333333
"RN3",2014,0.934,0.98,0.9466,448,0.76,452,3.9,549,3.96,363,4.11
"RN5",2014,1.022,1.035,1.1067,2136,0.69,2325,3.85666666666667,1418,3.86666666666667,2341,3.95333333333333
"RN7",2014,1.037,0.993,1.0695,368,0.7,371,3.92666666666667,335,3.96666666666667,1429,4.01333333333333
"RNA",2014,1.038,1.076,0.998,342,0.73,345,3.93,401,3.78666666666667,384,3.99333333333333
"RNL",2014,0.9806,0.99,1.0121,442,0.73,450,3.76666666666667,463,3.68666666666667,397,3.87
"RNQ",2014,0.9871,1.022,1.0757,1359,0.69,1391,3.72,399,3.75,917,3.92
"RNS",2014,1.0126,1.053,0.9842,387,0.77,387,3.87,346,3.83666666666667,1432,3.91333333333333
"RNZ",2014,1.0196,1.076,1.1184,474,0.68,479,3.98666666666667,489,3.95,990,4.06666666666667
"RP5",2014,1.124,1.1,1.0004,2533,0.72,2544,3.87,1929,3.82,2738,3.92333333333333
"RPA",2014,1.2434,1.125,1.1274,323,0.71,327,3.88,377,3.82666666666667,1467,3.90333333333333
"RQ6",2014,1.0415,1.087,1.0229,2223,0.65,2241,3.72666666666667,3050,3.76333333333333,2370,3.83666666666667
"RQ8",2014,1.0236,1.04,1.0814,240,0.73,243,3.98666666666667,256,3.83,214,3.92666666666667
"RQM",2014,0.8029,0.79,0.8777,1442,0.79,1447,3.81,495,3.89,1494,3.91333333333333
"RQQ",2014,0.9677,1.024,1.0828,729,0.73,740,3.91,855,3.91,710,4.01
"RQW",2014,1.0808,0.978,0.9941,407,0.72,410,3.89,469,3.91666666666667,265,3.92
"RQX",2014,0.8701,0.881,0.9421,1280,0.78,1367,3.97,1359,3.99,1174,3.95333333333333
"RR1",2014,0.9856,1.099,0.9759,3706,0.66,3727,3.73,272,3.78666666666667,2783,3.81333333333333
"RR7",2014,1.0058,0.981,0.9646,1542,0.65,1550,3.72333333333333,408,3.72333333333333,1221,3.84666666666667
"RR8",2014,1.0311,1.008,1.0065,2407,0.68,2412,3.76333333333333,475,3.76333333333333,7329,3.88666666666667
"RRF",2014,1.0925,1.109,1.1153,301,0.62,299,4.06333333333333,401,3.93333333333333,298,4.12333333333333
"RRK",2014,1.0313,1.061,1.0269,425,0.67,458,3.93333333333333,475,3.97,407,3.97
"RRV",2014,0.7849,0.763,0.7586,2630,0.67,2882,3.89666666666667,3218,3.94333333333333,2569,3.90333333333333
"RTD",2014,0.978,0.899,0.9875,441,0.68,443,3.89333333333333,432,3.91,400,3.9
"RTE",2014,1.0973,1.077,1.1069,3762,0.7,3809,3.77333333333333,4281,3.77333333333333,3654,3.86666666666667
"RTF",2014,1.0451,1.118,1.0372,659,0.72,657,3.93,632,3.9,631,4.00333333333333
"RTG",2014,1.0377,1.097,1.0242,2732,0.68,2909,3.82666666666667,367,3.85,2433,3.92333333333333
"RTH",2014,0.9888,0.98,0.9858,240,0.69,249,3.99333333333333,368,3.90333333333333,238,3.87
"RTK",2014,0.9325,0.917,0.9377,1407,0.68,1445,3.91666666666667,1250,3.85333333333333,1492,3.93666666666667
"RTP",2014,0.9369,0.937,0.9518,1791,0.75,1824,3.94,547,3.98666666666667,2135,4.06666666666667
"RTR",2014,1.0268,1.027,1.1009,288,0.68,295,3.85,443,3.77666666666667,3851,3.82
"RTX",2014,1.0181,1.047,0.9914,412,0.66,412,3.81333333333333,472,3.75666666666667,408,3.93666666666667
"RV8",NA,NA,0.831,NA,NA,NA,NA,NA,314,4.01333333333333,NA,NA
"RVJ",2014,0.9362,0.989,0.9017,212,0.63,214,3.57,434,3.86,2600,3.83
"RVL",NA,NA,0.882,NA,NA,NA,NA,NA,445,3.82,NA,NA
"RVR",2014,0.9902,0.973,0.9574,1615,0.69,1617,3.83666666666667,2029,3.90666666666667,1490,3.99
"RVV",2014,1.0215,0.991,0.9989,2682,0.66,2848,3.70333333333333,414,3.81666666666667,2986,3.85
"RVW",2014,1.1824,1.128,1.1731,2138,0.64,2138,3.74333333333333,401,3.75666666666667,367,3.89666666666667
"RVY",2014,1.0727,1.1,1.0789,406,0.7,417,3.89333333333333,450,3.80666666666667,392,3.96
"RW3",2014,1.0171,1.003,1.0045,343,0.69,344,3.90333333333333,367,3.85,345,3.96
"RW6",2014,1.0455,1.013,1.0796,2440,0.62,2690,3.75,500,3.80333333333333,238,3.84
"RWA",2014,1.0726,1.019,1.1223,309,0.69,311,3.71333333333333,430,3.72666666666667,294,3.93333333333333
"RWD",2014,1.0981,1.035,1.1099,2745,0.72,2773,3.71,3112,3.76,273,3.88666666666667
"RWE",2014,0.9949,1.064,0.9816,3710,0.74,3716,3.79333333333333,378,3.84666666666667,208,3.99
"RWF",2014,1.0368,1.02,1.0568,413,0.69,417,3.88333333333333,2674,3.89333333333333,332,3.97
"RWG",2014,0.9015,0.976,0.9378,1664,0.66,1686,3.85333333333333,1728,3.87666666666667,1307,3.95
"RWH",2014,1.1334,1.108,1.0969,315,0.77,317,3.85333333333333,324,3.86333333333333,1679,3.97666666666667
"RWJ",2014,0.9312,0.918,0.9748,246,0.62,245,3.87666666666667,445,3.98333333333333,1844,3.88333333333333
"RWP",2014,1.101,1.059,1.1257,315,0.73,318,3.89,343,3.90333333333333,366,3.9
"RWW",2014,1.1558,1.092,1.1065,244,0.63,246,3.8,379,3.96666666666667,273,3.93
"RWY",2014,1.0926,1.094,1.138,359,0.67,362,3.88,490,3.86,328,3.93666666666667
"RX1",2014,0.9678,0.904,1.0535,319,0.75,322,3.85666666666667,292,3.98666666666667,3576,3.95
"RXC",2014,1.1061,1.127,1.1352,2604,0.71,2633,3.64666666666667,2337,3.63,2368,3.76666666666667
"RXF",2014,0.8788,0.93,0.9473,365,0.7,370,3.61333333333333,3263,3.68,2934,3.77
"RXH",2014,0.952,0.96,0.9583,278,0.74,278,3.73666666666667,441,3.73666666666667,339,3.88333333333333
"RXK",2014,0.9584,1.015,0.9927,181,0.64,183,3.90666666666667,312,3.79,156,3.97666666666667
"RXL",2014,1.1662,1.176,1.15,350,0.7,357,3.89333333333333,471,3.96,2042,4.02333333333333
"RXN",2014,1.0783,1.04,0.9948,2417,0.63,2601,3.86333333333333,474,3.83666666666667,2494,3.88
"RXP",2014,1.0086,1.024,1.023,3176,0.71,3213,3.75666666666667,439,3.84,441,3.96
"RXQ",2014,1.0502,1.067,0.9868,367,0.71,369,3.82,392,3.83,2835,3.96
"RXR",2014,1.0817,1.129,1.0635,2852,0.67,2997,3.87666666666667,775,3.86666666666667,2824,3.97666666666667
"RXW",2014,0.9976,1.061,1.0265,2345,0.7,2345,3.79,2831,3.79333333333333,2277,3.91666666666667
"RYJ",2014,0.75,0.777,0.758,284,0.66,316,3.87,401,3.97,264,3.93333333333333
"RYR",2014,1.0251,1.005,1.0127,3526,0.71,3573,3.82333333333333,3270,3.85333333333333,3419,3.87333333333333
"R1F",2013,1.099,1.0769,1.0212,NA,NA,NA,NA,NA,NA,NA,NA
"R1F1",NA,NA,NA,NA,424,0.71,426,3.79666666666667,429,3.85333333333333,362,3.8
"R1H",2013,0.793,0.8242,0.8452,5055,0.7,5338,3.84333333333333,320,3.83333333333333,3769,3.81
"R1K",NA,NA,NA,0.8802,NA,NA,NA,NA,NA,NA,263,4.00666666666667
"RA2",2013,0.911,0.9537,0.7997,330,0.75,335,3.92,348,3.82,1264,3.90333333333333
"RA3",2013,1.004,1.0296,1.0183,366,0.72,366,3.90333333333333,391,3.77666666666667,394,3.81
"RA4",2013,1.051,0.9537,1.0107,403,0.7,405,3.88333333333333,372,3.87666666666667,1219,3.84
"RA7",2013,0.951,0.9173,0.9781,436,0.75,434,3.91333333333333,455,3.93333333333333,3609,3.78333333333333
"RA9",2013,0.927,0.9598,0.9785,486,0.68,494,3.88333333333333,472,3.77333333333333,433,3.91
"RAE",2013,1.014,0.9781,0.9684,357,0.71,362,3.91333333333333,309,3.93333333333333,301,3.87
"RAJ",2013,1.048,1.0049,1.0361,2376,0.71,2381,3.80666666666667,493,3.82333333333333,1720,3.71666666666667
"RAL",2013,0.81,0.7844,0.8608,417,0.68,424,3.93,441,3.98333333333333,3719,3.86
"RAP",2013,0.812,0.7989,0.9546,894,0.72,898,3.97333333333333,383,3.85666666666667,209,3.96666666666667
"RAS",2013,0.859,0.9063,0.9197,1154,0.69,1157,3.95,326,3.89666666666667,794,4.02666666666667
"RAX",2013,0.932,0.8978,0.8783,383,0.68,382,3.79,383,3.84,349,3.78
"RBA",2013,0.959,0.9919,0.9674,434,0.74,439,3.86666666666667,434,3.84,238,3.83333333333333
"RBD",2013,1.122,1.0479,1.079,1441,0.7,1445,3.82666666666667,422,3.69666666666667,1362,3.85
"RBK",2013,0.971,1.0714,1.1032,427,0.72,424,3.80666666666667,449,3.77666666666667,352,3.76
"RBL",2013,1.038,1.0905,0.9661,3153,0.7,3158,3.79333333333333,345,3.77333333333333,2432,3.67666666666667
"RBN",2013,1.018,1.0224,1.0659,505,0.7,512,3.89,412,3.80666666666667,425,3.91
"RBT",2013,1.119,1.164,0.9991,573,0.7,573,3.87333333333333,546,3.85333333333333,539,3.89666666666667
"RBZ",2013,0.91,0.9346,0.9331,470,0.76,474,3.97,472,3.87,362,3.94
"RC1",2013,1.071,1.0811,1.0353,353,0.71,354,3.89666666666667,422,3.98333333333333,348,4.03333333333333
"RC3",2013,0.813,0.8485,NA,494,0.78,496,4.00333333333333,430,3.85666666666667,NA,NA
"RC9",2013,1.005,1.0335,1.0206,432,0.76,436,4.04333333333333,378,3.97,1183,3.91333333333333
"RCB",2013,0.976,1.0416,1.0116,4228,0.7,4227,3.81,431,3.92666666666667,1951,3.81666666666667
"RCD",2013,0.95,1.0088,1.0132,492,0.73,488,3.92,501,3.91333333333333,464,3.93666666666667
"RCF",2013,0.891,0.9373,0.9393,1139,0.68,1139,3.85,341,3.79,1028,3.81
"RCX",2013,1.028,0.9899,0.9291,363,0.66,367,3.96333333333333,441,3.96333333333333,392,3.85333333333333
"RD1",2013,0.976,0.9748,0.9673,481,0.68,484,3.89,452,3.76,2559,3.91
"RD3",2013,0.986,0.9067,0.9895,508,0.76,514,3.94,426,3.76666666666667,452,3.86333333333333
"RD7",2013,0.979,1.0278,NA,1536,0.7,1545,3.88666666666667,337,3.81333333333333,1242,3.95
"RD8",2013,0.961,1.0893,1.0024,402,0.69,405,3.84666666666667,380,3.81333333333333,375,3.98333333333333
"RDD",2013,1.082,1.1284,0.9838,1348,0.67,1352,3.86,285,3.76,1207,3.84666666666667
"RDE",2013,1.079,1.1832,1.0403,353,0.74,349,3.81666666666667,327,3.80666666666667,1662,3.73333333333333
"RDU",2013,0.909,0.904,0.9283,375,0.67,378,3.93666666666667,485,3.96,1728,3.99
"RDZ",2013,1.076,1.0218,1.0269,453,0.7,462,3.9,472,3.93,403,3.84333333333333
"RE9",2013,1.106,1.0925,1.1749,1357,0.75,1429,3.80333333333333,377,3.83333333333333,1750,3.79
"REF",2013,1.081,1.0253,1.0413,2508,0.69,2525,3.66666666666667,396,3.61,2189,3.61333333333333
"REM",2013,1.132,1.1666,1.0759,412,0.72,413,3.81666666666667,371,3.73,375,3.76
"RF4",2013,0.987,0.9664,0.9679,1564,0.68,1715,3.92,326,3.83333333333333,1751,3.88333333333333
"RFF",2013,1.079,1.0562,1.0253,502,0.72,511,3.78666666666667,508,3.74,1184,3.72
"RFR",2013,1.08,1.0987,1.0643,340,0.71,343,3.67,262,3.70333333333333,1661,3.69666666666667
"RFS",2013,1.032,1.0606,0.929,376,0.74,376,3.84,390,3.81666666666667,362,3.76333333333333
"RFW",2013,0.967,0.9606,0.8871,331,0.76,334,3.83333333333333,321,3.83666666666667,279,3.76333333333333
"RGN",2013,1.011,1.023,1.0084,400,0.7,406,3.92333333333333,428,3.84333333333333,368,3.85333333333333
"RGP",2013,1.056,0.8523,1.1269,241,0.67,273,3.92666666666667,385,3.78666666666667,370,3.96333333333333
"RGQ",2013,1.104,1.0327,0.9931,388,0.76,386,3.84,404,3.71666666666667,416,3.87333333333333
"RGR",2013,0.951,0.8926,0.9034,447,0.74,451,3.91,427,3.96333333333333,413,4
"RGT",2013,0.86,0.8505,0.8916,319,0.67,366,3.89,390,3.92,1926,3.73
"RH8",2013,0.906,0.9114,0.9181,383,0.69,384,3.78,402,3.75,332,3.82666666666667
"RHM",2013,0.99,0.9517,1.0156,469,0.74,474,3.78,462,3.82,4112,3.87333333333333
"RHQ",2013,0.884,0.897,0.918,438,0.71,438,3.69666666666667,412,3.66333333333333,342,3.85666666666667
"RHU",2013,1.044,1.018,1.084,3712,0.73,3717,3.78333333333333,458,3.76333333333333,3703,3.88
"RHW",2013,1.052,1.0686,1.0438,448,0.71,453,4.02,413,3.94,1966,3.95666666666667
"RJ1",2013,0.822,0.8038,0.8049,407,0.67,409,3.92666666666667,346,3.93333333333333,275,3.98
"RJ2",2013,0.987,0.9274,1.0435,858,0.75,861,3.89,260,3.89666666666667,1400,3.82
"RJ6",2013,0.912,0.9446,0.9731,339,0.73,350,4.01,406,3.84,267,3.89
"RJ7",2013,0.796,0.8119,0.8868,1506,0.7,1519,3.78666666666667,307,3.86,2865,3.88666666666667
"RJC",2013,1.054,1.0323,1.0504,475,0.78,477,3.93666666666667,481,4.07333333333333,433,3.99666666666667
"RJD",2013,0.904,0.9131,NA,400,0.72,398,3.84,465,3.76666666666667,NA,NA
"RJE",2013,1.074,1.033,1.0232,393,0.69,408,3.91666666666667,397,3.79,374,3.81666666666667
"RJF",2013,0.985,1.0141,0.9641,516,0.73,523,3.85333333333333,382,3.81666666666667,392,3.91666666666667
"RJL",2013,1.094,1.15,1.0981,302,0.61,303,3.81666666666667,241,3.80666666666667,241,3.8
"RJN",2013,1.008,1.007,0.9738,337,0.78,337,3.83666666666667,352,3.85666666666667,274,3.86666666666667
"RJR",2013,1.093,1.0975,1.0995,1786,0.7,1794,3.94,368,3.89,1501,3.86333333333333
"RJZ",2013,0.924,0.9146,0.9062,327,0.76,331,4,403,3.99,243,3.82333333333333
"RK5",2013,1.002,1.0965,1.0468,394,0.75,396,3.93666666666667,422,3.81,374,3.84333333333333
"RK9",2013,0.962,0.9625,0.9785,380,0.68,379,3.79333333333333,374,3.66,381,3.65
"RKB",2013,1.002,0.9962,1.0378,309,0.72,314,3.81666666666667,327,3.83,312,3.89666666666667
"RKE",2013,0.624,0.7031,0.6553,255,0.75,276,3.85333333333333,245,3.87333333333333,1514,3.85
"RL4",2013,1,1.0231,0.9836,295,0.7,295,3.92333333333333,375,3.86333333333333,284,3.8
"RLN",2013,1.109,0.9613,1.0986,377,0.72,380,3.86,364,3.86,330,3.80666666666667
"RLQ",2013,1.155,1.1167,1.1776,379,0.8,379,3.90666666666667,352,3.84666666666667,338,3.94
"RLT",2013,1.076,1.0939,1.0065,947,0.73,953,3.83,392,3.83666666666667,769,3.84333333333333
"RM1",2013,0.966,1.0107,1.0194,517,0.7,530,3.81,560,3.82666666666667,351,3.73666666666667
"RM2",2013,0.961,0.9913,0.9997,306,0.73,308,3.91,283,3.85666666666667,291,3.87333333333333
"RM3",2013,0.918,0.9034,0.9855,468,0.69,467,4.02,489,4.03,442,3.99666666666667
"RMC",2013,1.063,1.0147,1.0675,426,0.74,429,3.86,457,3.89333333333333,383,3.96666666666667
"RMP",2013,1.118,1.1488,1.1494,374,0.64,374,3.89,399,3.88333333333333,295,3.93
"RN3",2013,0.98,0.9789,0.934,547,0.78,549,3.96,509,3.93333333333333,452,3.9
"RN5",2013,1.035,1.0325,1.022,1267,0.68,1418,3.86666666666667,376,3.86,2325,3.85666666666667
"RN7",2013,0.993,0.9525,1.037,337,0.72,335,3.96666666666667,335,3.87,371,3.92666666666667
"RNA",2013,1.076,1.0772,1.038,400,0.77,401,3.78666666666667,300,3.74666666666667,345,3.93
"RNL",2013,0.99,1.094,0.9806,465,0.72,463,3.68666666666667,421,3.63666666666667,450,3.76666666666667
"RNQ",2013,1.022,1.0356,0.9871,393,0.68,399,3.75,406,3.88,1391,3.72
"RNS",2013,1.053,1.1424,1.0126,348,0.76,346,3.83666666666667,380,3.82666666666667,387,3.87
"RNZ",2013,1.076,1.0559,1.0196,485,0.68,489,3.95,439,3.87,479,3.98666666666667
"RP5",2013,1.1,1.0417,1.124,1922,0.65,1929,3.82,465,3.68333333333333,2544,3.87
"RPA",2013,1.125,1.0981,1.2434,371,0.69,377,3.82666666666667,356,3.75,327,3.88
"RQ6",2013,1.087,1.0642,1.0415,3036,0.65,3050,3.76333333333333,493,3.7,2241,3.72666666666667
"RQ8",2013,1.04,1.1109,1.0236,255,0.8,256,3.83,252,3.87333333333333,243,3.98666666666667
"RQM",2013,0.79,0.781,0.8029,493,0.77,495,3.89,503,3.88333333333333,1447,3.81
"RQQ",2013,1.024,0.9693,0.9677,850,0.73,855,3.91,450,3.81666666666667,740,3.91
"RQW",2013,0.978,1.0501,1.0808,467,0.72,469,3.91666666666667,427,3.89666666666667,410,3.89
"RQX",2013,0.881,0.9213,0.8701,1280,0.77,1359,3.99,373,3.94333333333333,1367,3.97
"RR1",2013,1.099,1.0296,0.9856,270,0.67,272,3.78666666666667,360,3.8,3727,3.73
"RR7",2013,0.981,1.0407,1.0058,408,0.62,408,3.72333333333333,406,3.73333333333333,1550,3.72333333333333
"RR8",2013,1.008,0.9158,1.0311,478,0.72,475,3.76333333333333,384,3.67333333333333,2412,3.76333333333333
"RRF",2013,1.109,1.0667,1.0925,395,0.67,401,3.93333333333333,372,3.88,299,4.06333333333333
"RRK",2013,1.061,1.0637,1.0313,477,0.69,475,3.97,388,3.87,458,3.93333333333333
"RRV",2013,0.763,0.7081,0.7849,3051,0.67,3218,3.94333333333333,384,3.95,2882,3.89666666666667
"RTD",2013,0.899,0.9333,0.978,432,0.69,432,3.91,444,3.82,443,3.89333333333333
"RTE",2013,1.077,0.9775,1.0973,4249,0.72,4281,3.77333333333333,492,3.68666666666667,3809,3.77333333333333
"RTF",2013,1.118,1.0903,1.0451,628,0.72,632,3.9,574,3.81333333333333,657,3.93
"RTG",2013,1.097,1.1023,1.0377,367,0.71,367,3.85,424,3.79,2909,3.82666666666667
"RTH",2013,0.98,0.9561,0.9888,363,0.71,368,3.90333333333333,380,3.84666666666667,249,3.99333333333333
"RTK",2013,0.917,0.9816,0.9325,1234,0.66,1250,3.85333333333333,401,3.81333333333333,1445,3.91666666666667
"RTP",2013,0.937,0.9566,0.9369,540,0.74,547,3.98666666666667,470,3.95333333333333,1824,3.94
"RTR",2013,1.027,1.037,1.0268,441,0.71,443,3.77666666666667,491,3.76666666666667,295,3.85
"RTX",2013,1.047,1.0228,1.0181,468,0.68,472,3.75666666666667,414,3.66666666666667,412,3.81333333333333
"RV8",2013,0.831,0.815,NA,309,0.75,314,4.01333333333333,215,3.98666666666667,NA,NA
"RVJ",2013,0.989,0.9622,0.9362,431,0.66,434,3.86,441,3.78666666666667,214,3.57
"RVL",2013,0.882,0.848,NA,444,0.71,445,3.82,443,3.84333333333333,NA,NA
"RVR",2013,0.973,0.9565,0.9902,2016,0.71,2029,3.90666666666667,437,3.82,1617,3.83666666666667
"RVV",2013,0.991,0.9568,1.0215,416,0.69,414,3.81666666666667,394,3.77333333333333,2848,3.70333333333333
"RVW",2013,1.128,1.099,1.1824,400,0.64,401,3.75666666666667,456,3.79,2138,3.74333333333333
"RVY",2013,1.1,1.0274,1.0727,450,0.73,450,3.80666666666667,434,3.84333333333333,417,3.89333333333333
"RW3",2013,1.003,1.0957,1.0171,362,0.68,367,3.85,387,3.85,344,3.90333333333333
"RW6",2013,1.013,1.0876,1.0455,495,0.68,500,3.80333333333333,372,3.69,2690,3.75
"RWA",2013,1.019,1.0319,1.0726,427,0.7,430,3.72666666666667,290,3.64333333333333,311,3.71333333333333
"RWD",2013,1.035,1.0901,1.0981,3105,0.76,3112,3.76,390,3.75,2773,3.71
"RWE",2013,1.064,1.0491,0.9949,379,0.73,378,3.84666666666667,405,3.86,3716,3.79333333333333
"RWF",2013,1.02,0.9677,1.0368,2668,0.7,2674,3.89333333333333,507,3.89333333333333,417,3.88333333333333
"RWG",2013,0.976,1.0695,0.9015,1717,0.69,1728,3.87666666666667,317,3.93,1686,3.85333333333333
"RWH",2013,1.108,1.1388,1.1334,321,0.75,324,3.86333333333333,347,3.89,317,3.85333333333333
"RWJ",2013,0.918,0.9424,0.9312,439,0.69,445,3.98333333333333,401,3.89,245,3.87666666666667
"RWP",2013,1.059,1.0279,1.101,342,0.76,343,3.90333333333333,369,3.86666666666667,318,3.89
"RWW",2013,1.092,1.1069,1.1558,378,0.72,379,3.96666666666667,371,3.84333333333333,246,3.8
"RWY",2013,1.094,1.0191,1.0926,488,0.73,490,3.86,501,3.84,362,3.88
"RX1",2013,0.904,0.9316,0.9678,292,0.7,292,3.98666666666667,312,3.95,322,3.85666666666667
"RXC",2013,1.127,1.0702,1.1061,2349,0.7,2337,3.63,409,3.75666666666667,2633,3.64666666666667
"RXF",2013,0.93,0.9917,0.8788,3228,0.72,3263,3.68,393,3.66,370,3.61333333333333
"RXH",2013,0.96,0.9766,0.952,435,0.73,441,3.73666666666667,369,3.82333333333333,278,3.73666666666667
"RXK",2013,1.015,0.9482,0.9584,311,0.64,312,3.79,410,3.80333333333333,183,3.90666666666667
"RXL",2013,1.176,1.1919,1.1662,474,0.7,471,3.96,394,3.92,357,3.89333333333333
"RXN",2013,1.04,1.0305,1.0783,471,0.65,474,3.83666666666667,472,3.75333333333333,2601,3.86333333333333
"RXP",2013,1.024,1.0407,1.0086,433,0.65,439,3.84,439,3.78,3213,3.75666666666667
"RXQ",2013,1.067,1.1446,1.0502,385,0.7,392,3.83,435,3.80666666666667,369,3.82
"RXR",2013,1.129,1.1381,1.0817,774,0.72,775,3.86666666666667,384,3.89666666666667,2997,3.87666666666667
"RXW",2013,1.061,1.0518,0.9976,2817,0.72,2831,3.79333333333333,478,3.74666666666667,2345,3.79
"RYJ",2013,0.777,0.7649,0.75,374,0.64,401,3.97,404,3.86666666666667,316,3.87
"RYQ",NA,NA,1.0456,NA,NA,NA,NA,NA,308,3.74333333333333,NA,NA
"RYR",2013,1.005,1.0458,1.0251,3235,0.74,3270,3.85333333333333,388,3.78333333333333,3573,3.82333333333333
"5QT",NA,NA,1.1282,NA,NA,NA,NA,NA,NA,NA,NA,NA
"R1F",2012,1.0769,NA,1.099,NA,NA,NA,NA,NA,NA,NA,NA
"R1F1",NA,NA,NA,NA,425,0.71,429,3.85333333333333,NA,NA,426,3.79666666666667
"R1H",2012,0.8242,0.804,0.793,320,0.66,320,3.83333333333333,NA,NA,5338,3.84333333333333
"RA2",2012,0.9537,0.8873,0.911,349,0.72,348,3.82,NA,NA,335,3.92
"RA3",2012,1.0296,1.0604,1.004,387,0.72,391,3.77666666666667,NA,NA,366,3.90333333333333
"RA4",2012,0.9537,1.0563,1.051,368,0.71,372,3.87666666666667,NA,NA,405,3.88333333333333
"RA7",2012,0.9173,0.9686,0.951,446,0.74,455,3.93333333333333,NA,NA,434,3.91333333333333
"RA9",2012,0.9598,0.9603,0.927,469,0.68,472,3.77333333333333,NA,NA,494,3.88333333333333
"RAE",2012,0.9781,0.9261,1.014,308,0.68,309,3.93333333333333,NA,NA,362,3.91333333333333
"RAJ",2012,1.0049,1.0147,1.048,494,0.68,493,3.82333333333333,NA,NA,2381,3.80666666666667
"RAL",2012,0.7844,0.7305,0.81,442,0.64,441,3.98333333333333,NA,NA,424,3.93
"RAP",2012,0.7989,0.8127,0.812,382,0.75,383,3.85666666666667,NA,NA,898,3.97333333333333
"RAS",2012,0.9063,0.9139,0.859,324,0.76,326,3.89666666666667,NA,NA,1157,3.95
"RAX",2012,0.8978,0.8437,0.932,378,0.72,383,3.84,NA,NA,382,3.79
"RBA",2012,0.9919,0.9378,0.959,432,0.72,434,3.84,NA,NA,439,3.86666666666667
"RBD",2012,1.0479,1.0628,1.122,418,0.71,422,3.69666666666667,NA,NA,1445,3.82666666666667
"RBK",2012,1.0714,1.126,0.971,443,0.66,449,3.77666666666667,NA,NA,424,3.80666666666667
"RBL",2012,1.0905,1.0334,1.038,349,0.68,345,3.77333333333333,NA,NA,3158,3.79333333333333
"RBN",2012,1.0224,1.0339,1.018,399,0.66,412,3.80666666666667,NA,NA,512,3.89
"RBT",2012,1.164,1.1167,1.119,541,0.66,546,3.85333333333333,NA,NA,573,3.87333333333333
"RBZ",2012,0.9346,0.9729,0.91,471,0.77,472,3.87,NA,NA,474,3.97
"RC1",2012,1.0811,1.0268,1.071,424,0.76,422,3.98333333333333,NA,NA,354,3.89666666666667
"RC3",2012,0.8485,0.9086,0.813,431,0.74,430,3.85666666666667,NA,NA,496,4.00333333333333
"RC9",2012,1.0335,1.0832,1.005,376,0.78,378,3.97,NA,NA,436,4.04333333333333
"RCB",2012,1.0416,1.1084,0.976,432,0.68,431,3.92666666666667,NA,NA,4227,3.81
"RCC",NA,NA,1.185,NA,NA,NA,NA,NA,NA,NA,NA,NA
"RCD",2012,1.0088,0.9553,0.95,502,0.74,501,3.91333333333333,NA,NA,488,3.92
"RCF",2012,0.9373,0.8998,0.891,340,0.68,341,3.79,NA,NA,1139,3.85
"RCX",2012,0.9899,0.9966,1.028,439,0.72,441,3.96333333333333,NA,NA,367,3.96333333333333
"RD1",2012,0.9748,0.9678,0.976,450,0.67,452,3.76,NA,NA,484,3.89
"RD3",2012,0.9067,0.9015,0.986,424,0.76,426,3.76666666666667,NA,NA,514,3.94
"RD7",2012,1.0278,0.9997,0.979,334,0.72,337,3.81333333333333,NA,NA,1545,3.88666666666667
"RD8",2012,1.0893,0.9711,0.961,376,0.67,380,3.81333333333333,NA,NA,405,3.84666666666667
"RDD",2012,1.1284,1.1286,1.082,279,0.68,285,3.76,NA,NA,1352,3.86
"RDE",2012,1.1832,1.175,1.079,326,0.72,327,3.80666666666667,NA,NA,349,3.81666666666667
"RDU",2012,0.904,0.8733,0.909,480,0.7,485,3.96,NA,NA,378,3.93666666666667
"RDZ",2012,1.0218,1.0179,1.076,467,0.75,472,3.93,NA,NA,462,3.9
"RE9",2012,1.0925,1.0893,1.106,377,0.77,377,3.83333333333333,NA,NA,1429,3.80333333333333
"REF",2012,1.0253,1.0335,1.081,395,0.75,396,3.61,NA,NA,2525,3.66666666666667
"REM",2012,1.1666,1.157,1.132,374,0.7,371,3.73,NA,NA,413,3.81666666666667
"RF4",2012,0.9664,0.9596,0.987,327,0.73,326,3.83333333333333,NA,NA,1715,3.92
"RFF",2012,1.0562,1.0792,1.079,504,0.71,508,3.74,NA,NA,511,3.78666666666667
"RFR",2012,1.0987,1.0353,1.08,260,0.67,262,3.70333333333333,NA,NA,343,3.67
"RFS",2012,1.0606,1.0594,1.032,384,0.73,390,3.81666666666667,NA,NA,376,3.84
"RFW",2012,0.9606,0.9349,0.967,311,0.78,321,3.83666666666667,NA,NA,334,3.83333333333333
"RGN",2012,1.023,1.013,1.011,423,0.69,428,3.84333333333333,NA,NA,406,3.92333333333333
"RGP",2012,0.8523,0.8551,1.056,383,0.76,385,3.78666666666667,NA,NA,273,3.92666666666667
"RGQ",2012,1.0327,1.0187,1.104,402,0.69,404,3.71666666666667,NA,NA,386,3.84
"RGR",2012,0.8926,0.9078,0.951,423,0.73,427,3.96333333333333,NA,NA,451,3.91
"RGT",2012,0.8505,0.8157,0.86,385,0.66,390,3.92,NA,NA,366,3.89
"RH8",2012,0.9114,0.8663,0.906,407,0.64,402,3.75,NA,NA,384,3.78
"RHM",2012,0.9517,0.9333,0.99,459,0.71,462,3.82,NA,NA,474,3.78
"RHQ",2012,0.897,0.9234,0.884,407,0.68,412,3.66333333333333,NA,NA,438,3.69666666666667
"RHU",2012,1.018,0.9896,1.044,457,0.69,458,3.76333333333333,NA,NA,3717,3.78333333333333
"RHW",2012,1.0686,1.072,1.052,412,0.74,413,3.94,NA,NA,453,4.02
"RJ1",2012,0.8038,0.8951,0.822,353,0.67,346,3.93333333333333,NA,NA,409,3.92666666666667
"RJ2",2012,0.9274,0.9772,0.987,253,0.85,260,3.89666666666667,NA,NA,861,3.89
"RJ6",2012,0.9446,1.0058,0.912,405,0.73,406,3.84,NA,NA,350,4.01
"RJ7",2012,0.8119,0.7854,0.796,301,0.73,307,3.86,NA,NA,1519,3.78666666666667
"RJC",2012,1.0323,1.0972,1.054,484,0.77,481,4.07333333333333,NA,NA,477,3.93666666666667
"RJD",2012,0.9131,0.9311,0.904,462,0.71,465,3.76666666666667,NA,NA,398,3.84
"RJE",2012,1.033,1.04,1.074,393,0.69,397,3.79,NA,NA,408,3.91666666666667
"RJF",2012,1.0141,1.0595,0.985,381,0.7,382,3.81666666666667,NA,NA,523,3.85333333333333
"RJL",2012,1.15,1.1637,1.094,241,0.68,241,3.80666666666667,NA,NA,303,3.81666666666667
"RJN",2012,1.007,1.0176,1.008,349,0.78,352,3.85666666666667,NA,NA,337,3.83666666666667
"RJR",2012,1.0975,1.0825,1.093,366,0.69,368,3.89,NA,NA,1794,3.94
"RJZ",2012,0.9146,0.9111,0.924,399,0.78,403,3.99,NA,NA,331,4
"RK5",2012,1.0965,1.0157,1.002,420,0.72,422,3.81,NA,NA,396,3.93666666666667
"RK9",2012,0.9625,0.9174,0.962,376,0.68,374,3.66,NA,NA,379,3.79333333333333
"RKB",2012,0.9962,1.0606,1.002,327,0.67,327,3.83,NA,NA,314,3.81666666666667
"RKE",2012,0.7031,0.6901,0.624,246,0.74,245,3.87333333333333,NA,NA,276,3.85333333333333
"RL4",2012,1.0231,1.0622,1,371,0.66,375,3.86333333333333,NA,NA,295,3.92333333333333
"RLN",2012,0.9613,0.9433,1.109,363,0.75,364,3.86,NA,NA,380,3.86
"RLQ",2012,1.1167,1.1595,1.155,350,0.8,352,3.84666666666667,NA,NA,379,3.90666666666667
"RLT",2012,1.0939,1.2262,1.076,379,0.76,392,3.83666666666667,NA,NA,953,3.83
"RM1",2012,1.0107,1.0095,0.966,553,0.75,560,3.82666666666667,NA,NA,530,3.81
"RM2",2012,0.9913,0.9302,0.961,281,0.71,283,3.85666666666667,NA,NA,308,3.91
"RM3",2012,0.9034,0.8684,0.918,489,0.68,489,4.03,NA,NA,467,4.02
"RMC",2012,1.0147,1.067,1.063,451,0.7,457,3.89333333333333,NA,NA,429,3.86
"RMP",2012,1.1488,1.1938,1.118,394,0.64,399,3.88333333333333,NA,NA,374,3.89
"RN3",2012,0.9789,1.0448,0.98,510,0.77,509,3.93333333333333,NA,NA,549,3.96
"RN5",2012,1.0325,1.0503,1.035,372,0.69,376,3.86,NA,NA,1418,3.86666666666667
"RN7",2012,0.9525,1.0729,0.993,335,0.72,335,3.87,NA,NA,335,3.96666666666667
"RNA",2012,1.0772,1.1157,1.076,300,0.65,300,3.74666666666667,NA,NA,401,3.78666666666667
"RNL",2012,1.094,1.1092,0.99,420,0.68,421,3.63666666666667,NA,NA,463,3.68666666666667
"RNQ",2012,1.0356,1.077,1.022,400,0.73,406,3.88,NA,NA,399,3.75
"RNS",2012,1.1424,1.0634,1.053,381,0.76,380,3.82666666666667,NA,NA,346,3.83666666666667
"RNZ",2012,1.0559,1.0181,1.076,434,0.66,439,3.87,NA,NA,489,3.95
"RP5",2012,1.0417,1.0307,1.1,464,0.77,465,3.68333333333333,NA,NA,1929,3.82
"RPA",2012,1.0981,1.1295,1.125,350,0.71,356,3.75,NA,NA,377,3.82666666666667
"RQ6",2012,1.0642,1.0488,1.087,487,0.68,493,3.7,NA,NA,3050,3.76333333333333
"RQ8",2012,1.1109,1.0666,1.04,247,0.77,252,3.87333333333333,NA,NA,256,3.83
"RQM",2012,0.781,0.8116,0.79,502,0.79,503,3.88333333333333,NA,NA,495,3.89
"RQQ",2012,0.9693,0.9129,1.024,442,0.77,450,3.81666666666667,NA,NA,855,3.91
"RQW",2012,1.0501,1.0365,0.978,426,0.71,427,3.89666666666667,NA,NA,469,3.91666666666667
"RQX",2012,0.9213,0.9685,0.881,372,0.8,373,3.94333333333333,NA,NA,1359,3.99
"RR1",2012,1.0296,1.0475,1.099,357,0.68,360,3.8,NA,NA,272,3.78666666666667
"RR7",2012,1.0407,1.0387,0.981,408,0.68,406,3.73333333333333,NA,NA,408,3.72333333333333
"RR8",2012,0.9158,0.9255,1.008,385,0.71,384,3.67333333333333,NA,NA,475,3.76333333333333
"RRF",2012,1.0667,1.0473,1.109,376,0.67,372,3.88,NA,NA,401,3.93333333333333
"RRK",2012,1.0637,1.0143,1.061,383,0.66,388,3.87,NA,NA,475,3.97
"RRV",2012,0.7081,0.7227,0.763,383,0.7,384,3.95,NA,NA,3218,3.94333333333333
"RTD",2012,0.9333,0.9692,0.899,444,0.69,444,3.82,NA,NA,432,3.91
"RTE",2012,0.9775,0.9637,1.077,491,0.67,492,3.68666666666667,NA,NA,4281,3.77333333333333
"RTF",2012,1.0903,1.0353,1.118,576,0.71,574,3.81333333333333,NA,NA,632,3.9
"RTG",2012,1.1023,1.0879,1.097,424,0.7,424,3.79,NA,NA,367,3.85
"RTH",2012,0.9561,1.0014,0.98,381,0.72,380,3.84666666666667,NA,NA,368,3.90333333333333
"RTK",2012,0.9816,0.9556,0.917,397,0.68,401,3.81333333333333,NA,NA,1250,3.85333333333333
"RTP",2012,0.9566,0.9422,0.937,461,0.71,470,3.95333333333333,NA,NA,547,3.98666666666667
"RTR",2012,1.037,0.9537,1.027,494,0.7,491,3.76666666666667,NA,NA,443,3.77666666666667
"RTX",2012,1.0228,1.107,1.047,413,0.69,414,3.66666666666667,NA,NA,472,3.75666666666667
"RV8",2012,0.815,0.8115,0.831,215,0.74,215,3.98666666666667,NA,NA,314,4.01333333333333
"RVJ",2012,0.9622,0.9652,0.989,439,0.65,441,3.78666666666667,NA,NA,434,3.86
"RVL",2012,0.848,0.8835,0.882,442,0.69,443,3.84333333333333,NA,NA,445,3.82
"RVR",2012,0.9565,0.935,0.973,428,0.72,437,3.82,NA,NA,2029,3.90666666666667
"RVV",2012,0.9568,0.9877,0.991,392,0.71,394,3.77333333333333,NA,NA,414,3.81666666666667
"RVW",2012,1.099,1.1227,1.128,458,0.68,456,3.79,NA,NA,401,3.75666666666667
"RVY",2012,1.0274,1.071,1.1,431,0.73,434,3.84333333333333,NA,NA,450,3.80666666666667
"RW3",2012,1.0957,1.0856,1.003,391,0.65,387,3.85,NA,NA,367,3.85
"RW6",2012,1.0876,1.0325,1.013,373,0.69,372,3.69,NA,NA,500,3.80333333333333
"RWA",2012,1.0319,1.1606,1.019,292,0.74,290,3.64333333333333,NA,NA,430,3.72666666666667
"RWD",2012,1.0901,1.1078,1.035,389,0.77,390,3.75,NA,NA,3112,3.76
"RWE",2012,1.0491,1.0499,1.064,405,0.77,405,3.86,NA,NA,378,3.84666666666667
"RWF",2012,0.9677,0.9874,1.02,501,0.73,507,3.89333333333333,NA,NA,2674,3.89333333333333
"RWG",2012,1.0695,1.0569,0.976,311,0.68,317,3.93,NA,NA,1728,3.87666666666667
"RWH",2012,1.1388,1.136,1.108,346,0.71,347,3.89,NA,NA,324,3.86333333333333
"RWJ",2012,0.9424,0.9339,0.918,392,0.7,401,3.89,NA,NA,445,3.98333333333333
"RWP",2012,1.0279,1.0503,1.059,368,0.74,369,3.86666666666667,NA,NA,343,3.90333333333333
"RWW",2012,1.1069,1.0459,1.092,364,0.68,371,3.84333333333333,NA,NA,379,3.96666666666667
"RWY",2012,1.0191,1.0073,1.094,498,0.7,501,3.84,NA,NA,490,3.86
"RX1",2012,0.9316,0.9403,0.904,312,0.65,312,3.95,NA,NA,292,3.98666666666667
"RXC",2012,1.0702,1.0526,1.127,412,0.71,409,3.75666666666667,NA,NA,2337,3.63
"RXF",2012,0.9917,1.023,0.93,391,0.69,393,3.66,NA,NA,3263,3.68
"RXH",2012,0.9766,0.96,0.96,368,0.66,369,3.82333333333333,NA,NA,441,3.73666666666667
"RXK",2012,0.9482,0.9907,1.015,416,0.74,410,3.80333333333333,NA,NA,312,3.79
"RXL",2012,1.1919,1.2473,1.176,392,0.68,394,3.92,NA,NA,471,3.96
"RXN",2012,1.0305,1.0005,1.04,467,0.67,472,3.75333333333333,NA,NA,474,3.83666666666667
"RXP",2012,1.0407,0.9724,1.024,438,0.73,439,3.78,NA,NA,439,3.84
"RXQ",2012,1.1446,1.1091,1.067,434,0.75,435,3.80666666666667,NA,NA,392,3.83
"RXR",2012,1.1381,1.1213,1.129,385,0.76,384,3.89666666666667,NA,NA,775,3.86666666666667
"RXW",2012,1.0518,1.0753,1.061,479,0.73,478,3.74666666666667,NA,NA,2831,3.79333333333333
"RYJ",2012,0.7649,0.7575,0.777,406,0.76,404,3.86666666666667,NA,NA,401,3.97
"RYQ",2012,1.0456,0.9457,NA,303,0.69,308,3.74333333333333,NA,NA,NA,NA
"RYR",2012,1.0458,1.0977,1.005,377,0.7,388,3.78333333333333,NA,NA,3270,3.85333333333333
