"Code","Year.index","Engagement","FreedomSpeak","Openness","RecommendCare","RecommendWork","Responses","rr","SHMI.before","SHMI.index","Survey.clinical.proportion","WorkStress"
"",2015,NA,NA,NA,NA,NA,NA,NA,NA,NA,0.69,NA
"R0A",2015,NA,NA,NA,NA,NA,6978,NA,NA,NA,NA,NA
"R0A",2016,NA,NA,NA,NA,NA,6978,NA,NA,NA,NA,NA
"R0A",2017,NA,NA,NA,NA,NA,6978,NA,NA,0.9723,NA,NA
"R0A",2018,0.710349465333333,0.78748303325,0.793659491,0.754455645,0.642843931,6978,0.352802567,0.9723,0.9302,0.65,0.37883471
"R0A",2019,0.705588450333333,0.7831259495,0.7857050855,0.740689892,0.644293785,6978,0.332206617,0.9302,0.9519,0.62,0.385796402
"R0B",2015,NA,NA,NA,NA,NA,3824,NA,NA,NA,NA,NA
"R0B",2016,NA,NA,NA,NA,NA,3824,NA,NA,NA,NA,NA
"R0B",2017,NA,NA,NA,NA,NA,3824,NA,NA,NA,NA,NA
"R0B",2018,NA,NA,NA,NA,NA,3824,NA,NA,NA,NA,NA
"R0B",2019,0.680190329,0.79743203025,0.79385376825,0.70596595,0.618235536,3824,0.4712842,NA,1.0472,0.75,0.382141717
"R1F",2015,NA,NA,NA,NA,NA,NA,NA,1.0212,0.9944,NA,NA
"R1F",2016,NA,NA,NA,NA,NA,NA,NA,0.9944,1.0466,NA,NA
"R1F",2017,NA,NA,NA,NA,NA,NA,NA,1.0466,1.1239,NA,NA
"R1F",2018,NA,NA,NA,NA,NA,NA,NA,1.1239,1.0088,NA,NA
"R1F",2019,NA,NA,NA,NA,NA,NA,NA,1.0088,1.053,NA,NA
"R1F1",2015,NA,NA,NA,NA,NA,NA,NA,NA,NA,0.61,NA
"R1F1",2016,NA,NA,NA,NA,NA,NA,NA,NA,NA,0.64,NA
"R1F1",2017,NA,NA,NA,NA,NA,NA,NA,NA,NA,0.61,NA
"R1F1",2018,NA,NA,NA,NA,NA,NA,NA,NA,NA,0.6,NA
"R1F1",2019,NA,NA,NA,NA,NA,NA,NA,NA,NA,0.59,NA
"R1H",2015,0.676948365,0.7174458595,0.72534265675,0.561533635,0.472380732,7530,0.299377638,0.8452,0.9003,0.71,0.433391192
"R1H",2016,0.701177150333333,0.758831091,0.775625273,0.650351539,0.577173738,7530,0.461427492,0.9003,0.8821,0.7,0.40362772
"R1H",2017,0.680133939666667,0.74943315425,0.7722046125,0.652212747,0.572441686,7530,0.47812647,0.8821,0.9105,0.71,0.441341663
"R1H",2018,0.694386684333333,0.774552158,0.7927342205,0.691913491,0.627903809,7530,0.486614071,0.9105,0.8777,0.73,0.427822128
"R1H",2019,0.694939477666667,0.77272297475,0.784384625,0.678586383,0.624124464,7530,0.473555122,0.8777,0.9319,0.72,0.456537915
"R1K",2015,0.729385619666667,0.74874747875,0.73893121775,0.618388493,0.52413772,3671,0.321728691,0.8802,0.903,0.74,0.347328887
"R1K",2016,0.729149971333333,0.748672797,0.7609829965,0.565341715,0.519139797,3671,0.348777506,0.903,0.8158,0.74,0.419221193
"R1K",2017,0.720534826333333,0.7517382405,0.75932608375,0.602723188,0.53290569,3671,0.477068794,0.8158,0.8263,0.78,0.411825429
"R1K",2018,0.714208102,0.7616373495,0.7682139385,0.574573664,0.531085218,3671,0.434083601,0.8263,0.8294,0.76,0.433631384
"R1K",2019,0.710206091,0.77792991175,0.785310891,0.585192119,0.533714561,3671,0.454050711,0.8294,0.8256,0.74,0.403458638
"RA2",2015,0.721407910666667,0.78628717325,0.773162472,0.782029632,0.680622183,1886,0.404340377,0.7997,0.8637,0.7,0.328107202
"RA2",2016,0.719613941666667,0.77691347025,0.76431166575,0.760404678,0.627523435,1886,0.340091917,0.8637,0.9121,0.69,0.352330764
"RA2",2017,0.717992342666667,0.7949249535,0.7845276545,0.795403622,0.692272527,1886,0.443150305,0.9121,0.8102,0.67,0.355553733
"RA2",2018,0.733981738666667,0.810140362,0.79445844625,0.824646468,0.705531377,1886,0.375095105,0.8102,0.7995,0.7,0.379544697
"RA2",2019,0.735153724,0.80910089575,0.7954446615,0.79361195,0.698160747,1886,0.448193916,0.7995,0.8047,0.68,0.371004963
"RA3",2015,0.699263314666667,0.7526320825,0.735831265,0.544674926,0.523927828,700,0.485981308,1.0183,1.1674,0.72,0.384714788
"RA3",2016,0.679230817666667,0.75393280325,0.75239027025,0.558488906,0.509348562,700,0.458700882,1.1674,1.1106,0.72,0.416105555
"RA3",2017,0.672664778666667,0.7458569915,0.7367860635,0.545332489,0.461028568,700,0.447303922,1.1106,1.0219,0.71,0.430369755
"RA3",2018,0.677872722,0.74287233875,0.742040958,0.5704782,0.528887151,700,0.369257951,1.0219,0.9023,0.66,0.407845746
"RA3",2019,0.685556499666667,0.75263035825,0.76021921,0.549424016,0.517730819,700,0.413467218,0.9023,1.0037,0.67,0.404966355
"RA4",2015,0.731821738333333,0.75513226825,0.74598629425,0.678635101,0.614603831,1372,0.608805668,1.0107,1.0184,0.67,0.33287017
"RA4",2016,0.717960627666667,0.765284266,0.7676724025,0.647874689,0.619596586,1372,0.644123134,1.0184,0.9958,0.67,0.312742376
"RA4",2017,0.725577162666667,0.76650082075,0.76045540525,0.680473102,0.5785309,1372,0.575978162,0.9958,0.9552,0.66,0.323673628
"RA4",2018,0.746277094333333,0.787901622,0.78404372,0.736734501,0.69365282,1372,0.712600536,0.9552,1.0049,0.74,0.290703646
"RA4",2019,0.774703608666667,0.81376971225,0.8022885665,0.7658829,0.749408316,1372,0.719077568,1.0049,0.8988,0.74,0.312805321
"RA7",2015,0.685273523666667,0.7430168215,0.74500199425,0.767199874,0.606992946,5123,0.442234964,0.9781,0.9774,0.69,0.360562804
"RA7",2016,0.695424684666667,0.76495829575,0.76622589175,0.809323246,0.669342651,5123,0.421145065,0.9774,0.9913,0.67,0.339859857
"RA7",2017,0.692486389666667,0.76732791175,0.77700178625,0.830805398,0.687885153,5123,0.428898034,0.9913,1.0168,0.65,0.352738268
"RA7",2018,0.703028610333333,0.79832156375,0.795182358,0.849310975,0.707668562,5123,0.524692031,1.0168,1.0504,0.68,0.36980737
"RA7",2019,0.713353262,0.80752887175,0.8030779615,0.853935586,0.739043779,5123,0.552464143,1.0504,1.0044,0.68,0.359372499
"RA9",2015,0.715640961666667,0.74818624475,0.7300948565,0.792434433,0.703037546,2955,0.46214457,0.9785,0.8219,0.63,0.342167837
"RA9",2016,0.727266136666667,0.7758812695,0.750578381,0.778272146,0.694735374,2955,0.454057679,0.8219,0.8312,0.61,0.335021674
"RA9",2017,0.702310864333333,0.7675367455,0.75065976025,0.744154946,0.626956192,2955,0.373925009,0.8312,0.9159,0.62,0.359867054
"RA9",2018,0.718261819666667,0.78666645925,0.765122895,0.756103667,0.673290654,2955,0.427817501,0.9159,0.9036,0.62,0.382483414
"RA9",2019,0.697071096,0.77846647275,0.762047674,0.729692734,0.651733424,2955,0.466456196,0.9036,0.9893,0.6,0.380023539
"RAE",2015,0.718359162,0.761146608,0.76673609325,0.658455841,0.532927823,2290,0.461447212,0.9684,0.9465,0.67,0.359058761
"RAE",2016,0.692373174666667,0.75329032775,0.77412488875,0.642909893,0.547739593,2290,0.388381743,0.9465,0.9748,0.7,0.358005152
"RAE",2017,0.713451724666667,0.7622248595,0.76721770925,0.677857355,0.610941323,2290,0.353300733,0.9748,0.9305,0.65,0.338514895
"RAE",2018,0.733159103666667,0.77863256925,0.78030725375,0.680436741,0.64689644,2290,0.352334235,0.9305,0.9086,0.63,0.36407461
"RAE",2019,0.731202278666667,0.79694703225,0.79946875825,0.710302892,0.684715056,2290,0.376644737,0.9086,0.9606,0.66,0.374348174
"RAJ",2015,0.662592898333333,0.75028095075,0.757531755,0.622708515,0.520742759,2625,0.452176051,1.0361,1.1516,0.71,0.387864879
"RAJ",2016,0.678820578,0.76604108475,0.774611984,0.631517054,0.527080051,2625,0.414875634,1.1516,1.1743,0.68,0.367333284
"RAJ",2017,0.663332056666667,0.779998229,0.79487624775,0.613322737,0.522147911,2625,0.414863594,1.1743,1.1152,0.69,0.387390566
"RAJ",2018,0.680192621,0.7823011675,0.79186661275,0.671706582,0.577492297,2625,0.494477681,1.1152,1.1195,0.73,0.40636439
"RAJ",2019,0.683702131,0.798310846,0.81284369775,0.659405045,0.594348859,2625,0.581524147,1.1195,1.0745,0.72,0.386712926
"RAL",2015,0.707587186333333,0.748541564,0.73877953975,0.719241499,0.607332045,3810,0.381214808,0.8608,0.8852,0.69,0.407967941
"RAL",2016,0.707121739333333,0.76836009325,0.7716361975,0.743959633,0.619671328,3810,0.419044459,0.8852,0.9012,0.69,0.415852483
"RAL",2017,0.704690304333333,0.76323885425,0.761598918,0.741100091,0.612124218,3810,0.471154936,0.9012,0.8646,0.7,0.418053919
"RAL",2018,0.710616512,0.765918681,0.76648097,0.726236214,0.622578618,3810,0.359062639,0.8646,0.827,0.7,0.423209143
"RAL",2019,0.706019204333333,0.76945653975,0.767833031,0.713244266,0.620138179,3810,0.41503268,0.827,0.8146,0.71,0.435159622
"RAP",2015,0.734126773,0.7550669655,0.7389752715,0.484513418,0.501878898,1811,0.276315789,0.9546,0.9494,0.72,0.396830292
"RAP",2016,0.717338402333333,0.74779863525,0.763184714,0.499341506,0.530943206,1811,0.340870739,0.9494,0.8893,0.74,0.396172114
"RAP",2017,0.713763310333333,0.74990768575,0.76026970775,0.542586961,0.565529011,1811,0.411510313,0.8893,0.8558,0.76,0.45712904
"RAP",2018,0.722780013666667,0.74805141325,0.766982972,0.567880157,0.58767451,1811,0.390688896,0.8558,0.881,0.77,0.441391043
"RAP",2019,0.723456571,0.770559002,0.78034217925,0.592701267,0.634676268,1811,0.561376317,0.881,0.8742,0.8,0.424200433
"RAS",2015,0.760152583,0.74733663975,0.743947295,0.657357993,0.64779211,1664,0.335438596,0.9197,0.8805,0.69,0.302890546
"RAS",2016,0.738141652333333,0.754939559,0.7483824565,0.639096091,0.631539037,1664,0.462624318,0.8805,0.9313,0.7,0.306433956
"RAS",2017,0.737216054333333,0.76125770025,0.755323084,0.646570505,0.614782155,1664,0.531790023,0.9313,0.9448,0.69,0.345081935
"RAS",2018,0.721278455,0.76137145175,0.74347331325,0.573223943,0.551480641,1664,0.500161031,0.9448,0.9588,0.73,0.38721221
"RAS",2019,0.733937723333333,0.755065138,0.7549894905,0.554689398,0.537122024,1664,0.51310515,0.9588,0.9785,0.72,0.372049593
"RAX",2015,0.716771094,0.772837202,0.7684427525,0.669600561,0.583010849,2074,0.455331412,0.8783,0.9263,0.69,0.364602596
"RAX",2016,0.715128709,0.8005747555,0.80301930175,0.747626232,0.689151987,2074,0.506623702,0.9263,0.8584,0.69,0.379762781
"RAX",2017,0.726739663,0.791175044,0.80340807525,0.764139225,0.704374334,2074,0.527882313,0.8584,0.8574,0.7,0.382091967
"RAX",2018,0.713976166666667,0.8171434275,0.81890055725,0.816593521,0.741273752,2074,0.581830327,0.8574,0.8193,0.74,0.40194929
"RAX",2019,0.718216442666667,0.81139652,0.81525945875,0.821258754,0.733369197,2074,0.652406417,0.8193,0.768,0.75,0.422182831
"RBA",2015,0.754415456333333,0.7804520285,0.77164439275,0.825466333,0.740401033,2283,0.451887942,0.9674,1,0.7,0.314149235
"RBA",2016,0.714514892333333,0.7752914835,0.76905961075,0.842685216,0.710529456,2283,0.481138625,1,0.9844,0.72,0.323617464
"RBA",2017,0.726773448333333,0.79332481225,0.783884167,0.833132866,0.712610018,2283,0.399450927,0.9844,0.8907,0.68,0.331675853
"RBA",2018,0.715112354,0.78069973875,0.7746802105,0.836938128,0.721080209,2283,0.378106111,0.8907,0.9266,0.67,0.394622242
"RBA",2019,0.732364270666667,0.8266686695,0.814881749,0.853277174,0.773534924,2283,0.46629902,0.9266,0.9496,0.69,0.384114704
"RBD",2015,0.697526257,0.726712064,0.723888391,0.736237709,0.628998173,1238,0.570697125,1.079,1.1493,0.7,0.337779772
"RBD",2016,0.685821604,0.744507658,0.75339491375,0.756041812,0.645909446,1238,0.538882376,1.1493,1.1551,0.68,0.345552666
"RBD",2017,0.706288335,0.75029589825,0.757301943,0.758888885,0.665600055,1238,0.493477451,1.1551,1.1382,0.67,0.336407112
"RBD",2018,0.707399113333333,0.7715193355,0.77895281725,0.800714491,0.688343725,1238,0.493094438,1.1382,1.2059,0.67,0.37314861
"RBD",2019,0.718016690333333,0.7888088945,0.7890363245,0.776643192,0.695199554,1238,0.44903881,1.2059,1.158,0.63,0.37004393
"RBK",2015,0.652294202333333,0.70791576775,0.71528044675,0.510495075,0.487876479,1299,0.356641604,1.1032,1.046,0.69,0.420918374
"RBK",2016,0.652196868333333,0.7195828855,0.7208682615,0.48092776,0.47393425,1299,0.423396965,1.046,1.0339,0.68,0.392657247
"RBK",2017,0.654511616666667,0.74820706325,0.747803515,0.479349414,0.471338091,1299,0.360394181,1.0339,1.0966,0.66,0.426796309
"RBK",2018,0.689728298666667,0.76350444075,0.7671671645,0.493327962,0.516240328,1299,0.403525488,1.0966,1.1234,0.67,0.418747171
"RBK",2019,0.673392789,0.75202653125,0.74281385575,0.487863755,0.477944103,1299,0.313238486,1.1234,1.105,0.69,0.459164937
"RBL",2015,0.709133651333333,0.74145895875,0.73123227425,0.663051396,0.584103598,2265,0.469879518,0.9661,0.9834,0.69,0.324912186
"RBL",2016,0.69496877,0.752172692,0.752140792,0.678315937,0.604556386,2265,0.46345515,0.9834,0.9699,0.63,0.349912293
"RBL",2017,0.690862316666667,0.74377227175,0.7457180235,0.67417401,0.584904015,2265,0.310064935,0.9699,0.9556,0.62,0.37070881
"RBL",2018,0.667658448666667,0.735008668,0.7432059645,0.657144753,0.552001842,2265,0.454157418,0.9556,0.9722,0.67,0.418429171
"RBL",2019,0.681760135,0.76442119075,0.76363560125,0.678821454,0.60426321,2265,0.381248948,0.9722,1.1254,0.67,0.402889327
"RBN",2015,0.716665696333333,0.7798247695,0.798656914,0.82692963,0.725602656,570,0.551724138,1.0659,1.0338,0.67,0.279298621
"RBN",2016,0.739547349333333,0.78413712,0.80829595625,0.81204321,0.760411188,570,0.554119548,1.0338,1.0347,0.68,0.254420578
"RBN",2017,0.718257802333333,0.784260588,0.7935122205,0.832773523,0.772413068,570,0.510187449,1.0347,1.0165,0.65,0.277643444
"RBN",2018,0.774023697,0.811394647,0.828180327,0.873303521,0.810775492,570,0.507717303,1.0165,0.9908,0.67,0.307146848
"RBN",2019,0.718494889333333,0.81215907175,0.82444384225,0.873854677,0.780228208,570,0.460048426,0.9908,1.0881,0.62,0.315258292
"RBS",2015,0.616247698333333,0.72395510025,0.71739268375,0.817288004,0.538031632,2141,0.354459203,NA,NA,NA,0.442769063
"RBS",2016,0.627442762,0.713816931,0.721538542,0.807030716,0.531177857,2141,0.390260631,NA,NA,NA,0.388628099
"RBS",2017,0.677522288,0.7560417345,0.7541226695,0.834994483,0.631934295,2141,0.539408867,NA,NA,NA,0.389409894
"RBS",2018,0.706020876666667,0.78760598825,0.7897983495,0.893634953,0.720018853,2141,0.596779004,NA,NA,NA,0.393441976
"RBS",2019,0.683897278333333,0.77447025925,0.784511999,0.882755554,0.689868331,2141,0.617358708,NA,NA,0.68,0.411041626
"RBT",2015,NA,NA,NA,NA,NA,1246,NA,0.9991,0.9684,0.7,NA
"RBT",2016,NA,NA,NA,NA,NA,1246,NA,0.9684,1.0424,0.64,NA
"RBT",2017,0.701360262333333,0.79717208225,0.81646018825,0.74973164,0.660454219,1246,0.543110395,1.0424,1.0412,0.65,0.306054946
"RBT",2018,0.731711360666667,0.795706597,0.8206445945,0.775766824,0.707280914,1246,0.530266344,1.0412,1.0548,0.68,0.344133969
"RBT",2019,0.721409519,0.7922322155,0.809365574,0.760445209,0.705842523,1246,0.283181818,1.0548,1.0038,0.61,0.383110727
"RBZ",2015,0.775645188,0.79648756075,0.78987004,0.776848147,0.691134704,1776,0.48409894,0.9331,1.0085,0.75,0.297218456
"RBZ",2016,0.715538534666667,0.7950083525,0.80445920075,0.736339004,0.662029576,1776,0.367634855,1.0085,1.0438,0.65,0.336065789
"RBZ",2017,0.735754513666667,0.80819649175,0.79749129625,0.714694776,0.677821884,1776,0.380670611,1.0438,1.0771,0.64,0.363985228
"RBZ",2018,0.741846085666667,0.8169109965,0.8007367305,0.720614111,0.688571607,1776,0.376365442,1.0771,0.9977,0.67,0.409965962
"RBZ",2019,0.750144378333333,0.831027576,0.81470434175,0.768460269,0.743707072,1776,0.554826617,0.9977,1.0189,0.66,0.388190461
"RC1",2015,0.765463007,0.7406712505,0.742205225,0.77232832,0.674089209,1269,0.413098237,1.0353,0.9937,0.72,0.249149826
"RC1",2016,0.731064378666667,0.77488217925,0.77532677925,0.719272881,0.647973246,1269,0.412387938,0.9937,1.049,0.7,0.323838419
"RC1",2017,0.707597271,0.76921206025,0.795496884,0.669679437,0.605702845,1269,0.38586515,1.049,1.026,0.72,0.403246667
"RC1",2018,0.726140101,0.772621529,0.78863988025,0.707902186,0.630126273,1269,0.444523725,1.026,1.0578,0.74,0.389165415
"RC1",2019,0.719166710666667,0.77396026625,0.78967672175,0.669525138,0.615779937,1269,0.439404432,1.0578,1.1222,0.75,0.378514942
"RC9",2015,0.713455248666667,0.768430517,0.76022728775,0.713642456,0.625943878,581,0.490291262,1.0206,1.1032,0.75,0.338363837
"RC9",2016,0.743055118,0.767492422,0.76582392975,0.758674148,0.699922308,581,0.425391591,1.1032,1.0595,0.75,0.353387662
"RC9",2017,0.729072170333333,0.766170273,0.77120216325,0.715277167,0.658845535,581,0.537683359,1.0595,1.0702,0.74,0.352965188
"RC9",2018,0.714517094666667,0.795176806,0.785878308,0.705437342,0.676147735,581,0.516545601,1.0702,1.0461,0.74,0.3564526
"RC9",2019,0.744629439333333,0.774077145,0.77172974225,0.758102956,0.729441798,581,0.474673203,1.0461,1.0159,0.71,0.34794574
"RCB",2015,0.702697377,0.76362041175,0.7527963025,0.665751393,0.586847408,3203,0.450577967,1.0116,0.9949,0.65,0.334737421
"RCB",2016,0.702901843666667,0.74878361225,0.74391737475,0.672799666,0.609834831,3203,0.47540784,0.9949,0.974,0.67,0.320953324
"RCB",2017,0.688793973666667,0.738802393,0.73230607575,0.650790273,0.564250512,3203,0.4884273,0.974,0.9889,0.68,0.343265073
"RCB",2018,0.702853505,0.760981907,0.7464769855,0.666013437,0.584395064,3203,0.445957447,0.9889,0.9828,0.65,0.35019741
"RCB",2019,0.695526797333333,0.76487076775,0.751294534,0.647064137,0.602577533,3203,0.431148203,0.9828,0.9946,0.62,0.345290169
"RCD",2015,0.756020771333333,0.78562447125,0.787443879,0.783796333,0.691153746,1654,0.58952497,1.0132,0.9392,0.67,0.330434253
"RCD",2016,0.733543206666667,0.8042553975,0.799252381,0.79997829,0.657598972,1654,0.544850498,0.9392,0.9398,0.67,0.359031451
"RCD",2017,0.708767490333333,0.79052518025,0.7812038815,0.756540408,0.597610419,1654,0.522094926,0.9398,0.9044,0.71,0.381999622
"RCD",2018,0.712738129333333,0.8105506625,0.79990092475,0.761504005,0.633508849,1654,0.388560158,0.9044,0.9273,0.72,0.398888819
"RCD",2019,0.722087739333333,0.80498200975,0.79692281975,0.764346807,0.646623202,1654,0.406088878,0.9273,0.9722,0.71,0.414438138
"RCF",2015,0.701008712333333,0.758179216,0.77014253925,0.756800845,0.690040283,1384,0.397121743,0.9393,0.9074,0.66,0.319844093
"RCF",2016,0.702186969666667,0.75936164525,0.77693155575,0.71003896,0.619403323,1384,0.397527164,0.9074,0.9656,0.64,0.332125296
"RCF",2017,0.717564736666667,0.77315947225,0.79408974225,0.734513879,0.64177969,1384,0.455503088,0.9656,0.9862,0.61,0.341385468
"RCF",2018,0.719941722333333,0.8094014295,0.8284319485,0.737322034,0.669584077,1384,0.463632828,0.9862,0.9017,0.66,0.34349474
"RCF",2019,0.725682536666667,0.8165915285,0.83424048325,0.728291553,0.696900372,1384,0.51874063,0.9017,0.8842,0.68,0.362158739
"RCU",2015,0.711935069333333,0.801063319,0.77114486925,0.87055064,0.686482425,1992,0.448979592,NA,NA,0.6,0.372084126
"RCU",2016,0.685836892333333,0.805214525,0.76830517975,0.866514364,0.655865085,1992,0.390909091,NA,NA,0.59,0.379652408
"RCU",2017,0.672316472333333,0.79677351025,0.766291276,0.846140806,0.621512262,1992,0.484278768,NA,NA,0.63,0.438621881
"RCU",2018,0.683255631333333,0.79863124825,0.765801454,0.853576083,0.633697331,1992,0.535101404,NA,NA,0.62,0.427915672
"RCU",2019,0.693554591,0.80633943775,0.774479096,0.862435147,0.674979774,1992,0.609360661,NA,NA,0.62,0.423165173
"RCX",2015,0.709297385666667,0.7429390475,0.76130713275,0.606881194,0.580974133,1368,0.532650448,0.9291,0.9107,0.73,0.391708641
"RCX",2016,0.731213747666667,0.75051241925,0.7622477595,0.626321127,0.585523154,1368,0.448793216,0.9107,1.0098,0.76,0.348747791
"RCX",2017,0.706410159333333,0.74087531275,0.74868668725,0.600567958,0.542359235,1368,0.459069021,1.0098,0.9822,0.71,0.362110124
"RCX",2018,0.655276453,0.72160247475,0.71367721275,0.492896652,0.429246088,1368,0.440977806,0.9822,0.9956,0.7,0.407485831
"RCX",2019,0.688476571333333,0.733474129,0.7322334405,0.513268087,0.506375614,1368,0.423791822,0.9956,1.0021,0.7,0.414817561
"RD1",2015,0.706611889333333,0.74055906975,0.73637385425,0.752872205,0.652240631,2173,0.481589958,0.9673,0.9741,0.67,0.34790327
"RD1",2016,0.715115874,0.74550422525,0.73642183225,0.767302187,0.669656295,2173,0.456008147,0.9741,1.0089,0.67,0.346315429
"RD1",2017,0.704015639666667,0.7512684225,0.74957841175,0.748353889,0.637571365,2173,0.450306264,1.0089,0.9888,0.66,0.342344573
"RD1",2018,0.704555244333333,0.7521825145,0.73709112625,0.767489436,0.654048747,2173,0.456620106,0.9888,0.9934,0.64,0.370179315
"RD1",2019,0.705900522,0.770959404,0.74838332775,0.732372178,0.645409493,2173,0.419984538,0.9934,1.0256,0.63,0.393015718
"RD3",2015,0.732710709666667,0.80354704875,0.769634766,0.815672181,0.673706142,1707,0.405817972,0.9895,0.9172,0.67,0.356981797
"RD3",2016,0.731221157333333,0.79767767625,0.77431422625,0.819021006,0.688795081,1707,0.505558497,0.9172,0.8325,0.74,0.335920504
"RD3",2017,0.743959938,0.80828741625,0.78841872925,0.840053021,0.723288919,1707,0.47155305,0.8325,0.8642,0.74,0.343137996
"RD3",2018,0.710463320333333,0.7976184255,0.78108748575,0.796734214,0.690478811,1707,0.495911369,0.8642,0.9159,0.73,0.35973124
"RD3",2019,0.718081318,0.80894512125,0.7862974505,0.781776141,0.68454565,1707,0.425685786,0.9159,0.8871,0.73,0.387875965
"RD8",2015,0.708079299333333,0.7729646905,0.7822784355,0.637268788,0.60691483,1914,0.504825291,1.0024,1.0261,0.66,0.377705813
"RD8",2016,0.707441726666667,0.763099915,0.7730685935,0.652163046,0.604903913,1914,0.452223273,1.0261,1.0404,0.65,0.377833892
"RD8",2017,0.700634647,0.76623909625,0.774145629,0.654844738,0.61203459,1914,0.428914938,1.0404,0.9361,0.64,0.373600096
"RD8",2018,0.717287853,0.7803892585,0.77948074975,0.684506231,0.636325343,1914,0.436944938,0.9361,1.0466,0.63,0.399292044
"RD8",2019,0.720591634333333,0.779886449,0.78040991925,0.701745087,0.669733617,1914,0.555265448,1.0466,1.158,0.64,0.399150652
"RDD",2015,0.680449629,0.743756194,0.76512968,0.664120619,0.581790978,2425,0.343616516,0.9838,0.9421,0.68,0.369300879
"RDD",2016,0.725249981,0.7776647565,0.79714953475,0.683488227,0.637563133,2425,0.422903517,0.9421,1.0363,0.7,0.384341982
"RDD",2017,0.698076107666667,0.7679482405,0.7874573005,0.710515136,0.60083173,2425,0.475388877,1.0363,1.0826,0.71,0.396328175
"RDD",2018,0.702411504,0.76964251075,0.79213717025,0.699770376,0.628160509,2425,0.418319966,1.0826,1.0196,0.69,0.404838044
"RDD",2019,0.683777497,0.7515096705,0.77319089275,0.652484116,0.572195362,2425,0.497231905,1.0196,1.0423,0.73,0.421331765
"RDE",2015,NA,NA,NA,NA,NA,4742,NA,1.0403,1.0694,0.8,NA
"RDE",2016,NA,NA,NA,NA,NA,4742,NA,1.0694,1.0897,0.67,NA
"RDE",2017,NA,NA,NA,NA,NA,4742,NA,1.0897,1.1427,0.64,NA
"RDE",2018,0.695228819666667,0.77015351675,0.7681023695,0.682889149,0.552583556,4742,0.393435496,1.1427,1.141,0.69,0.415364053
"RDE",2019,0.695385341333333,0.75895714375,0.7603510465,0.668538286,0.572655268,4742,0.489724259,1.141,1.0831,0.69,0.409458537
"RDU",2015,0.720685929,0.788763329,0.7966505015,0.792856338,0.688955578,4865,0.372009569,0.9283,0.9341,0.7,0.328161133
"RDU",2016,0.752543291,0.79102573025,0.7864419665,0.777454451,0.674241742,4865,0.372383931,0.9341,0.9032,0.67,0.313116055
"RDU",2017,0.742584448,0.80308076175,0.79385540575,0.793138333,0.661897364,4865,0.403488372,0.9032,0.918,0.67,0.328443226
"RDU",2018,0.762382519,0.82508279975,0.8172816685,0.814498893,0.70172666,4865,0.427387306,0.918,0.9122,0.7,0.340247411
"RDU",2019,0.728575240666667,0.810642624,0.799563874,0.784408566,0.665989481,4865,0.52537797,0.9122,0.973,0.73,0.38186235
"RDZ",2015,0.748265702666667,0.79205503975,0.78131623525,0.752935066,0.660996592,2241,0.372174318,1.0269,0.9843,0.66,0.327297084
"RDZ",2016,0.735928112,0.7903974815,0.786695583,0.774121795,0.683596698,2241,0.444243792,0.9843,0.937,0.67,0.349817541
"RDZ",2017,0.752377017,0.8051720345,0.80500486075,0.811150536,0.736447497,2241,0.461607746,0.937,0.972,0.65,0.337786344
"RDZ",2018,0.754113467,0.840558704,0.841123646,0.836540187,0.768511018,2241,0.527796089,0.972,0.9981,0.67,0.337570485
"RDZ",2019,0.764188008,0.842630369,0.8384360505,0.844416345,0.780642815,2241,0.47802901,0.9981,0.8612,0.66,0.342909537
"RE9",2015,NA,NA,NA,NA,NA,NA,NA,1.1749,1.1556,0.71,NA
"RE9",2016,NA,NA,NA,NA,NA,NA,NA,1.1556,1.1413,0.72,NA
"RE9",2017,NA,NA,NA,NA,NA,NA,NA,1.1413,1.201,0.71,NA
"RE9",2018,NA,NA,NA,NA,NA,NA,NA,1.201,1.2681,0.69,NA
"REF",2015,0.646403954333333,0.6882345535,0.68023578375,0.494038337,0.415917002,3105,0.383080441,1.0413,1.0857,0.65,0.398786741
"REF",2016,0.665549400666667,0.70809928375,0.71491644725,0.530391535,0.465666099,3105,0.428316832,1.0857,0.9674,0.64,0.385265289
"REF",2017,0.690463274333333,0.717977509,0.72748200575,0.534015231,0.479545458,3105,0.556095664,0.9674,0.9696,0.65,0.37488491
"REF",2018,0.681070358,0.74628971675,0.748624139,0.592627997,0.516425486,3105,0.36097199,0.9696,0.9762,0.62,0.411674971
"REF",2019,0.70250287,0.7721910015,0.775378657,0.6031727,0.575921128,3105,0.556053009,0.9762,0.9021,0.66,0.421573183
"REM",2015,0.678694620333333,0.73927710025,0.74381736875,0.699537578,0.61542357,2552,0.402649899,1.0759,1.0364,0.65,0.353646272
"REM",2016,0.667655868666667,0.7386721785,0.74726505275,0.682758925,0.56696634,2552,0.430567686,1.0364,1.0701,0.68,0.370427683
"REM",2017,0.668784594,0.756731574,0.77279147225,0.68991398,0.590239031,2552,0.50075643,1.0701,0.9882,0.68,0.366039508
"REM",2018,0.680430018333333,0.74626336825,0.7674388105,0.727076093,0.605118005,2552,0.381772365,0.9882,0.9975,0.66,0.359949013
"REM",2019,0.700204263,0.7739466535,0.7949498115,0.739744923,0.65079086,2552,0.507053447,0.9975,1.0125,0.68,0.386444332
"RF1",2015,NA,NA,NA,NA,NA,848,NA,NA,NA,NA,NA
"RF1",2016,NA,NA,NA,NA,NA,848,NA,NA,NA,NA,NA
"RF1",2017,NA,NA,NA,NA,NA,848,NA,NA,NA,NA,NA
"RF1",2018,0.641902836666667,0.728398521,0.72163816375,0.397451378,0.393949687,848,0.430769231,NA,NA,NA,0.466123414
"RF1",2019,0.673565195666667,0.756787689,0.76550723225,0.43255161,0.468193007,848,0.412050534,NA,NA,NA,0.454268951
"RF4",2015,0.732522865666667,0.74106639125,0.75633176075,0.592943873,0.544272286,3630,0.37006899,0.9679,0.9598,0.7,0.409989313
"RF4",2016,0.736022098,0.76375995375,0.78992770325,0.637863862,0.593099759,3630,0.431462585,0.9598,1.0712,0.72,0.37065503
"RF4",2017,0.708199173666667,0.7474133485,0.77584569275,0.627849184,0.556335537,3630,0.467949763,1.0712,1.0232,0.7,0.382572341
"RF4",2018,0.708639450333333,0.75409113075,0.76804518475,0.598822488,0.532592338,3630,0.456589021,1.0232,0.9593,0.71,0.401776892
"RF4",2019,0.718821147333333,0.7635273455,0.78678202025,0.633197764,0.571516808,3630,0.568519969,0.9593,1.0345,0.74,0.405107836
"RFF",2015,0.672298431333333,0.7615910565,0.7938692,0.602140289,0.561884695,2237,0.456622635,1.0253,0.9857,0.66,0.410735141
"RFF",2016,0.648322749666667,0.7430030285,0.78092465425,0.618546914,0.579123433,2237,0.518245614,0.9857,0.9915,0.7,0.387909613
"RFF",2017,0.662037237,0.76746778475,0.7978973525,0.62977942,0.595786399,2237,0.443358058,0.9915,1.0147,0.69,0.401870471
"RFF",2018,0.694504754333333,0.78204610975,0.80964581525,0.679505692,0.637314735,2237,0.503401361,1.0147,1.0261,0.7,0.386439663
"RFF",2019,0.698670079333333,0.78171267875,0.80474395425,0.706630917,0.69107777,2237,0.705011031,1.0261,1.0185,0.74,0.393146661
"RFR",2015,0.640959394,0.71877095725,0.72633187175,0.561660722,0.481771505,2037,0.417910448,1.0643,1.0501,0.65,0.372644293
"RFR",2016,0.654228120333333,0.751408453,0.7728917455,0.571007924,0.52124393,2037,0.402181818,1.0501,1.1013,0.65,0.379349071
"RFR",2017,0.645664868,0.72724352125,0.7511877375,0.549770888,0.454811851,2037,0.41473885,1.1013,1.0904,0.63,0.399080001
"RFR",2018,0.665376852333333,0.75935764075,0.7669975205,0.540107042,0.514627283,2037,0.384688091,1.0904,1.0572,0.65,0.409115582
"RFR",2019,0.671288882,0.76930024875,0.774670791,0.55410789,0.538675206,2037,0.48019802,1.0572,1.1908,0.66,0.411163139
"RFS",2015,0.700093811333333,0.748948856,0.74944467375,0.671357823,0.573345371,2459,0.560518335,0.929,0.9844,0.69,0.379954055
"RFS",2016,0.680785663666667,0.761746281,0.7563461235,0.630752314,0.538024999,2459,0.331066946,0.9844,0.9868,0.61,0.417924508
"RFS",2017,0.678605898666667,0.73287727875,0.73477527625,0.660018473,0.577593213,2459,0.628178516,0.9868,1.019,0.73,0.407433932
"RFS",2018,0.699009944666667,0.76857782725,0.76621481475,0.71384775,0.6428971,2459,0.708837928,1.019,0.994,0.73,0.372332486
"RFS",2019,0.730270583333333,0.7920459985,0.783949707,0.727987593,0.694847759,2459,0.709258725,0.994,0.9879,0.8,0.375638699
"RFW",2015,NA,NA,NA,NA,NA,NA,NA,NA,NA,0.8,NA
"RGN",2015,NA,NA,NA,NA,NA,1963,NA,1.0084,1.0455,0.65,NA
"RGN",2016,NA,NA,NA,NA,NA,1963,NA,1.0455,1.0734,0.68,NA
"RGN",2017,0.717388797,0.75419597325,0.7574268945,0.7097449,0.589425891,1963,0.380145278,1.0734,1.0785,0.67,0.357829206
"RGN",2018,0.736013467,0.79754001475,0.7872268635,0.740910784,0.639108839,1963,0.38178634,1.0785,1.046,0.67,0.400876178
"RGN",2019,0.706104549666667,0.78827978825,0.7800598935,0.699757651,0.602479289,1963,0.311192137,1.046,1.1282,0.69,0.418052648
"RGP",2015,0.754168947666667,0.79291020325,0.80522743025,0.767821363,0.716732919,1278,0.505660377,1.1269,1.0895,0.74,0.324305504
"RGP",2016,0.693446416333333,0.75328356625,0.76984141575,0.769465303,0.700925573,1278,0.430420712,1.0895,1.1517,0.71,0.30718819
"RGP",2017,0.691805319333333,0.7603539575,0.770801268,0.758824849,0.709651285,1278,0.421010425,1.1517,1.1768,0.71,0.29771705
"RGP",2018,0.707976571333333,0.74920406775,0.75184517925,0.75566382,0.705535164,1278,0.395516413,1.1768,1.1152,0.7,0.362586014
"RGP",2019,0.675905720333333,0.75548579575,0.75954209525,0.742593119,0.679278307,1278,0.403663929,1.1152,1.0774,0.68,0.448185468
"RGQ",2015,NA,NA,NA,NA,NA,NA,NA,0.9931,0.9811,0.73,NA
"RGQ",2016,NA,NA,NA,NA,NA,NA,NA,0.9811,0.9962,0.74,NA
"RGQ",2017,NA,NA,NA,NA,NA,NA,NA,0.9962,1.0501,0.68,NA
"RGR",2015,0.734842734,0.7608838935,0.75782812,0.831555581,0.741727259,2077,0.543529412,0.9034,0.8765,0.77,0.331998507
"RGR",2016,0.738857163,0.79786810975,0.788492591,0.848273093,0.738945096,2077,0.501204819,0.8765,0.9037,0.71,0.345537586
"RGR",2017,0.721029398333333,0.80617282275,0.80257387775,0.853268701,0.745528561,2077,0.4792,0.9037,0.8853,0.71,0.327674727
"RGR",2018,0.742077617,0.81526858125,0.80630902175,0.828471822,0.741490989,2077,0.484286865,0.8853,0.9029,0.7,0.350226422
"RGR",2019,0.754681889666667,0.81693606375,0.81513550625,0.861867484,0.765321981,2077,0.517825979,0.9029,0.9204,0.71,0.364956193
"RGT",2015,0.717999217,0.7631183955,0.76693171575,0.819744866,0.613988817,5777,0.372280419,0.8916,0.8363,0.65,0.365341758
"RGT",2016,0.725652249333333,0.7959980655,0.81836859375,0.827981192,0.654433478,5777,0.448598131,0.8363,0.8126,0.66,0.313774951
"RGT",2017,0.700537292666667,0.78777592925,0.79909744675,0.842855544,0.669392685,5777,0.494404992,0.8126,0.8651,0.62,0.33622242
"RGT",2018,0.725679357666667,0.81479091975,0.82053751325,0.842863381,0.713327551,5777,0.514720509,0.8651,0.8802,0.66,0.351841019
"RGT",2019,0.725806019,0.82625384525,0.830483715,0.844771975,0.715970261,5777,0.555480769,0.8802,0.8449,0.67,0.37271243
"RH8",2015,NA,NA,NA,NA,NA,991,NA,0.9181,0.9815,0.66,NA
"RH8",2016,NA,NA,NA,NA,NA,991,NA,0.9815,1.0518,0.64,NA
"RH8",2017,0.728044325666667,0.79403481125,0.792047399,0.838721749,0.702242312,991,0.502083596,1.0518,1.1132,0.67,0.322743349
"RH8",2018,0.737596355,0.80868506275,0.7967104405,0.858442394,0.734321366,991,0.528154133,1.1132,1.0576,0.68,0.341445724
"RH8",2019,0.735732831,0.79689489975,0.77765684625,0.847148621,0.725469412,991,0.48841794,1.0576,1.1164,0.68,0.42013317
"RHM",2015,0.730768879,0.795183717,0.79240734725,0.795828563,0.686138081,5826,0.390919037,1.0156,0.9509,0.67,0.330892867
"RHM",2016,0.740102727333333,0.814736303,0.812599942,0.822172617,0.72275391,5826,0.383298319,0.9509,0.9589,0.67,0.351404917
"RHM",2017,0.735341713666667,0.8173732345,0.818098661,0.841217944,0.739434967,5826,0.451612903,0.9589,0.9452,0.7,0.349751372
"RHM",2018,0.734978163,0.81611965675,0.8111747065,0.846371797,0.742479282,5826,0.434352853,0.9452,0.9398,0.68,0.373058126
"RHM",2019,0.726482295,0.8154892625,0.80857995375,0.838912749,0.730790108,5826,0.51521047,0.9398,0.8768,0.7,0.366091531
"RHQ",2015,0.647650623666667,0.72980097225,0.72047787275,0.75177713,0.634591859,7661,0.507878788,0.918,0.9362,0.64,0.378896919
"RHQ",2016,0.677958263333333,0.78141553525,0.77639025825,0.808387812,0.67619343,7661,0.456600881,0.9362,0.9846,0.63,0.361090546
"RHQ",2017,0.678633290666667,0.7849428965,0.780375223,0.810524079,0.682106776,7661,0.444389854,0.9846,0.9536,0.63,0.366124286
"RHQ",2018,0.676734724,0.79343503875,0.78762128425,0.810496594,0.678513377,7661,0.456118067,0.9536,0.9571,0.63,0.389213777
"RHQ",2019,0.673645201666667,0.7951577105,0.79046060925,0.810166521,0.69339034,7661,0.452670763,0.9571,1.0065,0.62,0.398801803
"RHU",2015,0.729020124,0.79338799225,0.78930476325,0.735463961,0.660091625,3911,0.539108843,1.084,1.0711,0.7,0.320077393
"RHU",2016,0.717397327666667,0.79588361325,0.7920888515,0.721623802,0.653709448,3911,0.58116262,1.0711,1.1002,0.7,0.321566538
"RHU",2017,0.706088286,0.78656711775,0.78964159875,0.691038059,0.614540346,3911,0.594548793,1.1002,1.0571,0.71,0.329407538
"RHU",2018,0.689402351333333,0.79070567525,0.789821948,0.684961163,0.602813707,3911,0.571188341,1.0571,1.0212,0.7,0.373241233
"RHU",2019,0.711338705666667,0.80642600175,0.79727996375,0.705282202,0.635185503,3911,0.523841414,1.0212,1.0554,0.69,0.382023217
"RHW",2015,0.704994652,0.7382861325,0.7426686285,0.729983731,0.570982452,2831,0.373232799,1.0438,0.9457,0.72,0.363492291
"RHW",2016,0.717085570666667,0.77090452675,0.7653244375,0.735377484,0.580343914,2831,0.370362984,0.9457,1.0174,0.67,0.368873168
"RHW",2017,0.706505967333333,0.78025094225,0.786697291,0.765920676,0.635420787,2831,0.426955521,1.0174,1.0552,0.67,0.315280277
"RHW",2018,0.734424505,0.7954429565,0.801264666,0.794306475,0.670061792,2831,0.462526767,1.0552,1.046,0.69,0.348249691
"RHW",2019,0.74337486,0.8129963115,0.81149336975,0.808632556,0.700849439,2831,0.535160681,1.046,1.1184,0.71,0.364705056
"RJ1",2015,0.739449566333333,0.807364956,0.80494794975,0.884641329,0.786170898,6897,0.331571503,0.8049,0.7424,0.66,0.350817086
"RJ1",2016,0.746784928333333,0.81604849425,0.8191540195,0.888572545,0.78580855,6897,0.381842556,0.7424,0.7518,0.65,0.350480518
"RJ1",2017,0.725509254333333,0.8190309025,0.81774994625,0.879022642,0.780174873,6897,0.360910308,0.7518,0.7204,0.63,0.383386295
"RJ1",2018,0.726112440666667,0.8223034355,0.81749631825,0.865227979,0.773016868,6897,0.406487959,0.7204,0.7017,0.66,0.414831619
"RJ1",2019,0.727545401666667,0.82729892575,0.82442182825,0.875432084,0.783826432,6897,0.414532997,0.7017,0.7456,0.65,0.411874312
"RJ2",2015,0.709318185,0.751925643,0.73983880975,0.595556145,0.57776932,2838,0.272943327,1.0435,1.0129,0.7,0.404679712
"RJ2",2016,0.70389665,0.76019504925,0.754498084,0.620390584,0.597137115,2838,0.295609258,1.0129,1.0003,0.71,0.408885645
"RJ2",2017,0.683878752333333,0.7370020835,0.74408648975,0.540302208,0.515538574,2838,0.318993929,1.0003,0.9696,0.74,0.427693864
"RJ2",2018,0.708413754333333,0.7686831405,0.770196933,0.593030355,0.584112374,2838,0.358267717,0.9696,0.9698,0.7,0.409765041
"RJ2",2019,0.710345957,0.771693656,0.774168319,0.580920487,0.603436702,2838,0.459669582,0.9698,0.9467,0.73,0.414070491
"RJ6",2015,NA,NA,NA,NA,NA,1812,NA,0.9731,0.9858,NA,NA
"RJ6",2016,0.723033055,0.7533617225,0.74859168175,0.559045502,0.545610088,1812,0.33380966,0.9858,0.9061,0.7,0.373920942
"RJ6",2017,0.706369474666667,0.752380725,0.75039802525,0.552788642,0.562434762,1812,0.39494382,0.9061,0.8837,0.71,0.377057791
"RJ6",2018,0.715979662666667,0.74877654,0.7431984945,0.555230736,0.533042273,1812,0.258147513,0.8837,0.9677,0.69,0.416793893
"RJ6",2019,0.711731927333333,0.76341250825,0.7497793205,0.567839294,0.586275926,1812,0.512733447,0.9677,0.9582,0.71,0.384946969
"RJ7",2015,0.669513867,0.741919947,0.73386208575,0.709123821,0.542960533,4923,0.30810093,0.8868,0.9057,0.69,0.433136583
"RJ7",2016,0.676370867333333,0.75142796375,0.7397053155,0.696047124,0.514156075,4923,0.401693539,0.9057,0.8446,0.72,0.411326834
"RJ7",2017,0.669421123666667,0.75209980675,0.755662238,0.729048429,0.585065231,4923,0.514865672,0.8446,0.8173,0.71,0.416257779
"RJ7",2018,0.666041022666667,0.746680955,0.748779917,0.684349862,0.568896233,4923,0.540260366,0.8173,0.8394,0.68,0.425801076
"RJ7",2019,0.67499291,0.75662425025,0.75852106375,0.71906583,0.608099978,4923,0.595068294,0.8394,0.8624,0.68,0.442426993
"RJC",2015,0.734744562666667,0.77137359,0.7637666775,0.807727708,0.719455817,502,0.518867925,1.0504,1.0548,0.74,0.334979189
"RJC",2016,0.765262601,0.813383474,0.79162906025,0.826005515,0.773787622,502,0.526864475,1.0548,1.071,0.71,0.289460543
"RJC",2017,0.738599633333333,0.80835989875,0.804220144,0.809775934,0.741412867,502,0.480847596,1.071,1.0103,0.7,0.362368179
"RJC",2018,0.749647098333333,0.81739636575,0.794652719,0.807477824,0.750640676,502,0.5008,1.0103,0.9912,0.71,0.340203796
"RJC",2019,0.759245217666667,0.83279620675,0.82657768925,0.857441775,0.768701395,502,0.4016,0.9912,0.9835,0.67,0.410952206
"RJE",2015,0.730104612666667,0.7547789915,0.76372920225,0.735517116,0.601983137,4596,0.355117139,1.0232,1.033,0.64,0.388487297
"RJE",2016,0.676503075666667,0.73851274,0.74785770575,0.686310883,0.562595815,4596,0.355845411,1.033,1.0082,0.64,0.409008806
"RJE",2017,0.664503933666667,0.7372875645,0.74168030875,0.710170219,0.546607367,4596,0.416302766,1.0082,1.046,0.65,0.405431546
"RJE",2018,0.681504909666667,0.74332960875,0.74771812825,0.714946247,0.572473981,4596,0.424126046,1.046,1.0554,0.64,0.418402757
"RJE",2019,0.684933482666667,0.756051414,0.75977402275,0.738538621,0.604138673,4596,0.445607912,1.0554,0.9879,0.68,0.40242162
"RJF",2015,NA,NA,NA,NA,NA,NA,NA,0.9641,0.9653,0.71,NA
"RJF",2016,NA,NA,NA,NA,NA,NA,NA,0.9653,0.9918,0.68,NA
"RJF",2017,NA,NA,NA,NA,NA,NA,NA,0.9918,0.982,0.67,NA
"RJL",2015,0.713952463333333,0.75309263125,0.72374683,0.557382121,0.517711052,2571,0.336569579,1.0981,1.0755,0.72,0.341944774
"RJL",2016,0.684938009,0.73954528475,0.7438970395,0.549566882,0.493516637,2571,0.405228758,1.0755,1.1218,0.67,0.377622472
"RJL",2017,0.654733003,0.698496886,0.69681356275,0.467079562,0.431018605,2571,0.335607537,1.1218,1.191,0.61,0.403772713
"RJL",2018,0.662641975,0.7336144315,0.72783068025,0.487603914,0.471600936,2571,0.347975883,1.191,1.1263,0.6,0.389235169
"RJL",2019,0.673634924666667,0.73029086625,0.72996021575,0.529084497,0.503618196,2571,0.391920732,1.1263,1.1629,0.58,0.399411527
"RJN",2015,0.700283692666667,0.759734991,0.75657687975,0.678762238,0.554773757,972,0.393475366,0.9738,1.0279,0.75,0.415853282
"RJN",2016,0.751027309,0.7878503005,0.7800108105,0.707643435,0.621254491,972,0.432042834,1.0279,1.1139,0.68,0.371718173
"RJN",2017,0.727703154333333,0.77757059975,0.77657562725,0.722359348,0.613865337,972,0.404705882,1.1139,1.071,0.66,0.38147437
"RJN",2018,0.726264072666667,0.79235856775,0.782009109,0.74154218,0.67499198,972,0.444700461,1.071,1.1472,0.71,0.381927627
"RJN",2019,0.708572789,0.79460864575,0.785818127,0.731084838,0.672642028,972,0.414498934,1.1472,1.1513,0.69,0.405496415
"RJR",2015,0.696254891,0.768724938,0.7599804165,0.735954923,0.648663544,1155,0.404157667,1.0995,1.0527,0.67,0.325302104
"RJR",2016,0.699774027,0.7583158105,0.75529220375,0.724619488,0.626044458,1155,0.356828194,1.0527,1.0904,0.69,0.320309459
"RJR",2017,0.684819277333333,0.75626154075,0.74030720675,0.713193221,0.611140807,1155,0.395490716,1.0904,1.067,0.67,0.348172317
"RJR",2018,0.708888540666667,0.7544021865,0.73939727275,0.738016717,0.631689041,1155,0.3584,1.067,1.069,0.67,0.383535069
"RJR",2019,0.672411911,0.777703369,0.773198003,0.704533134,0.592603703,1155,0.297067901,1.069,1.0913,0.62,0.439509737
"RJZ",2015,0.713270205,0.782650398,0.750809523,0.688408186,0.55289247,5048,0.302696078,0.9062,0.8709,0.68,0.448452553
"RJZ",2016,0.684942366333333,0.7546093985,0.74023589625,0.687707428,0.554020781,5048,0.360582837,0.8709,0.9292,0.73,0.437217691
"RJZ",2017,0.660635540333333,0.75669670475,0.75254046925,0.705930132,0.569735609,5048,0.436539657,0.9292,0.9287,0.76,0.44105244
"RJZ",2018,0.658028086666667,0.7578844575,0.75950999575,0.682995033,0.551306957,5048,0.396320365,0.9287,0.9589,0.76,0.462806323
"RJZ",2019,0.658710029333333,0.75486848875,0.76059090425,0.66845608,0.560662814,5048,0.432302818,0.9589,0.9411,0.76,0.448020854
"RK5",2015,0.656160676666667,0.696931356,0.70553597825,0.571640317,0.466511849,3161,0.445882353,1.0468,0.9909,0.63,0.408860778
"RK5",2016,0.708282416,0.76910535425,0.76360442975,0.73181896,0.679719062,3161,0.410903173,0.9909,0.951,0.64,0.359177627
"RK5",2017,0.702974031,0.76411043675,0.7791440595,0.775734667,0.695273404,3161,0.565804274,0.951,1.0201,0.64,0.362566111
"RK5",2018,0.724505546666667,0.7878171515,0.802043459,0.794130047,0.706285286,3161,0.616217411,1.0201,0.9672,0.67,0.390887707
"RK5",2019,0.720908525,0.798822254,0.81258039425,0.785951092,0.733323092,3161,0.661989529,0.9672,0.9685,0.67,0.372306501
"RK9",2015,0.658831228333333,0.7466096775,0.74528298925,0.645396646,0.51513888,4602,0.443930636,0.9785,1.0047,0.67,0.339500033
"RK9",2016,0.676806715666667,0.7522615565,0.7648655435,0.683329577,0.569598505,4602,0.484235669,1.0047,1.0004,0.66,0.332397203
"RK9",2017,0.692045241,0.78349053525,0.7931807125,0.692962418,0.570287463,4602,0.572104718,1.0004,1.0337,0.68,0.368587493
"RK9",2018,0.700221255,0.7981952115,0.798653546,0.71292687,0.607759769,4602,0.524717618,1.0337,1.0808,0.67,0.384717961
"RK9",2019,0.706694256,0.80529083475,0.8028147945,0.693840761,0.614900366,4602,0.626719325,1.0808,1.0995,0.69,0.397320672
"RKB",2015,0.745300108,0.789521142,0.79155645075,0.770515095,0.688700426,3305,0.391048292,1.0378,1.0627,0.7,0.31259995
"RKB",2016,0.706829736333333,0.77148081725,0.7836568825,0.740071035,0.633247277,3305,0.407956844,1.0627,1.1047,0.71,0.352755067
"RKB",2017,0.714572017333333,0.78639354525,0.80730449875,0.724772737,0.606519638,3305,0.414640489,1.1047,1.1197,0.69,0.37945837
"RKB",2018,0.729706262333333,0.804539761,0.8250738085,0.762735112,0.654341211,3305,0.374631268,1.1197,1.1202,0.68,0.387382256
"RKB",2019,0.717367238,0.8068396775,0.82282026525,0.736778308,0.652951627,3305,0.39704469,1.1202,1.0784,0.7,0.418545988
"RKE",2015,0.697263491,0.76793007825,0.76699567825,0.685150723,0.573609706,2350,0.298452469,0.6553,0.6688,0.74,0.418708027
"RKE",2016,0.683185773333333,0.77684243425,0.769025971,0.710464923,0.580944301,2350,0.355645161,0.6688,0.6907,0.71,0.421095504
"RKE",2017,0.704249932333333,0.76759449325,0.77631844775,0.702584218,0.587539824,2350,0.423880597,0.6907,0.7437,0.74,0.446134979
"RKE",2018,0.683274979333333,0.75926797875,0.758201826,0.690739084,0.593548563,2350,0.484893512,0.7437,0.7703,0.76,0.437040533
"RKE",2019,0.694488947666667,0.7861127855,0.79710808025,0.714993549,0.632049734,2350,0.563954884,0.7703,0.8874,0.74,0.448008085
"RL4",2015,0.783513884666667,0.77201262375,0.796145435,0.748218907,0.683844059,3381,0.387706856,0.9836,1.0395,0.64,0.241140227
"RL4",2016,0.735702686666667,0.7547265365,0.773332447,0.712200466,0.687216457,3381,0.3168,1.0395,1.1101,0.64,0.340787055
"RL4",2017,0.702265825333333,0.74288684725,0.76283205675,0.734507316,0.661835603,3381,0.401348039,1.1101,1.2181,0.66,0.345743481
"RL4",2018,0.719208173666667,0.7653929405,0.78338375975,0.772822754,0.708001319,3381,0.37513436,1.2181,1.2173,0.63,0.362038734
"RL4",2019,0.719682494,0.779185425,0.7972951795,0.781138244,0.721555455,3381,0.365988309,1.2173,1.058,0.61,0.355524284
"RLN",2015,NA,NA,NA,NA,NA,NA,NA,1.0986,0.976,0.69,NA
"RLN",2016,NA,NA,NA,NA,NA,NA,NA,0.976,1.0061,0.72,NA
"RLN",2017,NA,NA,NA,NA,NA,NA,NA,1.0061,0.9634,0.71,NA
"RLN",2018,NA,NA,NA,NA,NA,NA,NA,0.9634,0.9912,0.75,NA
"RLQ",2015,0.734582237333333,0.7709069015,0.77991763325,0.644288948,0.606069705,563,0.47625,1.1776,1.152,0.73,0.380526843
"RLQ",2016,0.729480100666667,0.7646537905,0.777406724,0.594726207,0.564437668,563,0.475937604,1.152,1.1894,0.71,0.348192457
"RLQ",2017,0.705309532333333,0.74946497875,0.75931672225,0.586997163,0.550972558,563,0.48713774,1.1894,1.1668,0.72,0.389032854
"RLQ",2018,0.719037047666667,0.77978734375,0.78090997475,0.631194185,0.606611933,563,0.449919225,1.1668,1.0586,0.72,0.369279732
"RLQ",2019,0.764912219,0.7847976785,0.80395338525,0.66934874,0.650361946,563,0.458842706,1.0586,1.0284,0.71,0.365868639
"RLT",2015,0.658702119,0.741641213,0.74113361775,0.673757553,0.61528856,864,0.345767575,1.0065,1.1506,0.72,0.360136839
"RLT",2016,0.677729258666667,0.7505471425,0.7646876565,0.65490698,0.601120668,864,0.39386902,1.1506,1.1012,0.67,0.352833001
"RLT",2017,0.686510700666667,0.76535268825,0.77818669875,0.705396629,0.650996518,864,0.424450549,1.1012,1.0863,0.69,0.362375702
"RLT",2018,0.680450433,0.7764944155,0.767389157,0.656704644,0.613564563,864,0.348906987,1.0863,1.1427,0.65,0.379793901
"RLT",2019,0.666531592333333,0.76327442325,0.75653722475,0.643948893,0.590586034,864,0.362720403,1.1427,1.1263,0.68,0.417944808
"RM1",2015,0.678185400666667,0.7377689565,0.74529807525,0.720648636,0.570811177,3776,0.488547318,1.0194,1.0401,0.7,0.368450372
"RM1",2016,0.660841612,0.7411286545,0.758427565,0.718250625,0.56304561,3776,0.455995443,1.0401,1.0897,0.68,0.353430557
"RM1",2017,0.66899232,0.7493744085,0.770348899,0.762921362,0.607927084,3776,0.471028037,1.0897,1.0647,0.67,0.353742396
"RM1",2018,0.667661716,0.75589325825,0.762104442,0.756717967,0.619935203,3776,0.457228289,1.0647,1.0748,0.67,0.385731592
"RM1",2019,0.669111503,0.77795746475,0.78243771575,0.724286523,0.618510022,3776,0.457364341,1.0748,1.1338,0.67,0.392390276
"RM2",2015,NA,NA,NA,NA,NA,NA,NA,0.9997,0.9793,0.68,NA
"RM2",2016,NA,NA,NA,NA,NA,NA,NA,0.9793,0.9551,0.69,NA
"RM2",2017,NA,NA,NA,NA,NA,NA,NA,NA,NA,0.65,NA
"RM3",2015,0.665846984333333,0.75419902475,0.77726080975,0.829298998,0.583759307,4691,0.4409257,0.9855,0.8962,0.66,0.387754661
"RM3",2016,0.680202266666667,0.757605672,0.7702306025,0.782180306,0.588583512,4691,0.518312213,0.8962,0.8992,0.63,0.403170211
"RM3",2017,0.667956249333333,0.763033182,0.77385116425,0.762720964,0.593179577,4691,0.42134979,0.8992,0.8902,0.63,0.404717658
"RM3",2018,0.684080741333333,0.76629241175,0.774592538,0.799566288,0.625112984,4691,0.427251732,0.8902,0.9182,0.61,0.412675639
"RM3",2019,0.693464736333333,0.7841114325,0.7907078405,0.789771239,0.660827567,4691,0.495144606,0.9182,0.9299,0.64,0.401726544
"RMC",2015,0.742347735333333,0.788144997,0.81224374875,0.745289196,0.61461684,473,0.446933962,1.0675,1.045,0.74,0.328341357
"RMC",2016,0.735308698666667,0.80918890675,0.8376494525,0.735313778,0.662296036,473,0.366393443,1.045,1.0432,0.72,0.357218028
"RMC",2017,0.711782446333333,0.79459322875,0.82301493525,0.679245394,0.635319756,473,0.428340081,1.0432,1.0523,0.62,0.350334462
"RMC",2018,0.756288298333333,0.79093481525,0.8114077655,0.751664616,0.707835439,473,0.4408,1.0523,1.1385,0.64,0.35745728
"RMC",2019,0.75208123,0.81174913925,0.82428139675,0.700593632,0.662193959,473,0.379310345,1.1385,1.1646,0.63,0.364116289
"RMP",2015,0.751567526,0.812718064,0.79872599625,0.710521822,0.715049567,1615,0.412358134,1.1494,1.1493,0.61,0.282723797
"RMP",2016,0.738869043,0.82242623525,0.8159413825,0.70542804,0.688300951,1615,0.3896,1.1493,1.0926,0.64,0.33344225
"RMP",2017,0.725310643,0.78175814775,0.78371250575,0.709573729,0.688651623,1615,0.4024,1.0926,1.0789,0.66,0.333869688
"RMP",2018,0.719958166666667,0.79015578375,0.77378085475,0.652309814,0.599209029,1615,0.395154988,1.0789,1.2193,0.63,0.400153475
"RMP",2019,0.704896453666667,0.798065261,0.78409206225,0.670064119,0.6075224,1615,0.409794468,1.2193,1.1442,0.63,0.389873666
"RN3",2015,0.749606995,0.80011421875,0.828035173,0.705791491,0.546486463,496,0.431764706,0.934,0.9466,0.7,0.358279278
"RN3",2016,0.739639268333333,0.7971072525,0.82382412425,0.682387715,0.579359361,496,0.483948636,0.9466,0.9368,0.71,0.329131629
"RN3",2017,0.707516042333333,0.798977015,0.809023574,0.682318542,0.540991059,496,0.464577398,0.9368,0.9518,0.73,0.384942482
"RN3",2018,0.687633178666667,0.79137602275,0.795079209,0.666488516,0.554720917,496,0.435918367,0.9518,0.8556,0.69,0.431713031
"RN3",2019,0.721789676666667,0.81382335275,0.815252132,0.631258447,0.579538952,496,0.399677679,0.8556,0.9497,0.71,0.414480746
"RN5",2015,0.717052434,0.7890176965,0.78137598575,0.744406984,0.640636635,2800,0.428828505,1.022,1.1067,0.68,0.333126571
"RN5",2016,0.722766040666667,0.80489451675,0.80089572375,0.778329938,0.649962515,2800,0.471107111,1.1067,1.039,0.71,0.318253862
"RN5",2017,0.718170771333333,0.7994430195,0.800049321,0.777741207,0.646950968,2800,0.43234547,1.039,1.0289,0.69,0.357253208
"RN5",2018,0.700956760666667,0.77681287875,0.77352467625,0.710895358,0.574582921,2800,0.434148794,1.0289,1.0205,0.68,0.389006183
"RN5",2019,0.707232924333333,0.77223931225,0.7732828965,0.732204998,0.618214471,2800,0.445009536,1.0205,1.0081,0.69,0.380176939
"RN7",2015,0.734405876,0.7897108135,0.772525493,0.826007489,0.767822904,1485,0.498623538,1.037,1.0695,0.74,0.296407199
"RN7",2016,0.708019851666667,0.771118277,0.754989391,0.778464153,0.703421298,1485,0.482838284,1.0695,1.0378,0.72,0.322524126
"RN7",2017,0.702048872,0.7914323415,0.7810272985,0.790555593,0.718578897,1485,0.483670295,1.0378,1.0808,0.74,0.341754562
"RN7",2018,0.688234917666667,0.77964559075,0.7712168085,0.73999544,0.672508079,1485,0.443768997,1.0808,1.0729,0.73,0.391209701
"RN7",2019,0.667014739666667,0.77029445075,0.76171012825,0.702670207,0.613987197,1485,0.440260895,1.0729,1.0633,0.73,0.399271145
"RNA",2015,0.745144464333333,0.7581789465,0.76318209425,0.750864762,0.689089718,2049,0.452941176,1.038,0.998,0.75,0.307731069
"RNA",2016,0.716142048666667,0.776069805,0.7891042075,0.722171433,0.634119366,2049,0.443852641,0.998,0.9859,0.73,0.354228131
"RNA",2017,0.704574335666667,0.778624021,0.792719851,0.705888417,0.598950061,2049,0.361205433,0.9859,1.0435,0.71,0.405223298
"RNA",2018,0.683447737333333,0.7418755865,0.759619681,0.562013174,0.499946347,2049,0.362979189,1.0435,1.1792,0.71,0.424501625
"RNA",2019,0.67281524,0.75336753,0.77467183025,0.593423152,0.511602443,2049,0.428840519,1.1792,1.1422,0.75,0.457286548
"RNL",2015,0.670504616,0.720279183,0.726707952,0.507615448,0.428912357,1360,0.494532199,0.9806,1.0121,0.63,0.396670859
"RNL",2016,0.668933945333333,0.68108571375,0.71088218975,0.489419743,0.414164363,1360,0.459241952,1.0121,0.9747,0.65,0.380356996
"RNL",2017,0.658736082333333,0.7031341355,0.733145627,0.544508812,0.452804473,1360,0.503699789,0.9747,0.9831,0.62,0.379565612
"RNL",2018,0.666864685666667,0.71167883725,0.73367638175,0.530469468,0.453663337,1360,0.428358949,0.9831,0.9636,0.62,0.403818077
"RNL",2019,0.632655493666667,0.6816243945,0.68766721125,0.397386668,0.360420967,1360,0.338224322,NA,NA,0.62,0.46329167
"RNN",2019,NA,NA,NA,NA,NA,NA,NA,NA,0.9982,NA,NA
"RNQ",2015,0.695783599,0.75304069275,0.726324003,0.579890064,0.534222918,2099,0.266284075,0.9871,1.0757,0.61,0.377999533
"RNQ",2016,0.715089952,0.77824768825,0.772180126,0.614543171,0.590077672,2099,0.316721133,1.0757,1.0403,0.61,0.349224706
"RNQ",2017,0.677718475,0.74812033725,0.7512321075,0.549487715,0.488466345,2099,0.354920959,1.0403,1.107,0.61,0.385859647
"RNQ",2018,0.728771071333333,0.7778978545,0.781613027,0.643109785,0.6060003,2099,0.449859658,1.107,1.0812,0.64,0.382582259
"RNQ",2019,0.711466787,0.7766975415,0.783787468,0.643648138,0.616121882,2099,0.506515444,1.0812,1.0142,0.63,0.396189251
"RNS",2015,0.714976633666667,0.74265713825,0.72970271725,0.608201435,0.55324673,2027,0.315260166,1.0126,0.9842,0.66,0.39352792
"RNS",2016,0.727483284333333,0.7727443585,0.7618480325,0.683518703,0.615518829,2027,0.347008547,0.9842,0.9579,0.65,0.365876484
"RNS",2017,0.726482418666667,0.7758858995,0.78029341925,0.70604554,0.625858992,2027,0.389791667,0.9579,0.979,0.63,0.404539345
"RNS",2018,0.710122088333333,0.7765872465,0.7721144695,0.685608217,0.622644813,2027,0.436196319,0.979,1.0362,0.67,0.419493448
"RNS",2019,0.685638209,0.766293956,0.76104909975,0.642660811,0.586941961,2027,0.399487584,1.0362,1.0051,0.66,0.443742523
"RNZ",2015,0.782082803,0.82120995675,0.8054414245,0.852560221,0.734641458,1958,0.311007752,1.0196,1.1184,0.57,0.305459259
"RNZ",2016,0.745320327333333,0.8155528495,0.79972108625,0.826693995,0.721256279,1958,0.348837209,1.1184,1.0207,0.6,0.357513169
"RNZ",2017,0.733113858666667,0.795139013,0.78935330775,0.791324427,0.699382094,1958,0.460429448,1.0207,1.0798,0.62,0.35409379
"RNZ",2018,0.713947899,0.79998814875,0.79319381625,0.774792008,0.646226514,1958,0.392638037,1.0798,0.9969,0.62,0.379008119
"RNZ",2019,0.727308606,0.8018598155,0.78603101375,0.781343228,0.681893812,1958,0.539542574,0.9969,1.028,0.65,0.369085414
"RP5",2015,0.710894319,0.7601784035,0.7670977835,0.639658615,0.603110385,3665,0.437225361,1.124,1.0004,0.71,0.380498634
"RP5",2016,0.668903230666667,0.74535971075,0.74645303625,0.594372908,0.490521324,3665,0.467908903,1.0004,1.0363,0.71,0.388522697
"RP5",2017,0.650945688,0.75316469825,0.75131588325,0.617846752,0.516858401,3665,0.498637602,1.0363,1.0462,0.72,0.40423758
"RP5",2018,0.663253781,0.76017948275,0.752189512,0.638010242,0.548217627,3665,0.540826285,1.0462,1.0465,0.73,0.405730601
"RP5",2019,0.702884277333333,0.78576998775,0.77804534975,0.679599032,0.616473414,3665,0.593906984,1.0465,1.1183,0.74,0.393389292
"RPA",2015,0.692043837,0.72369894475,0.72187113875,0.505442341,0.469125534,1828,0.370852789,1.2434,1.1274,0.65,0.378124583
"RPA",2016,0.704876137333333,0.7560531835,0.75733656975,0.604267682,0.569447241,1828,0.494562531,1.1274,1.0914,0.66,0.34230522
"RPA",2017,0.685762549666667,0.732304721,0.73237306925,0.547137859,0.483302377,1828,0.401131222,1.0914,1.0271,0.64,0.368898067
"RPA",2018,0.659000572666667,0.7179460195,0.717011848,0.468321819,0.393318178,1828,0.402090072,1.0271,1.1022,0.65,0.434593314
"RPA",2019,0.70329312,0.7545823625,0.754158528,0.539787203,0.506547936,1828,0.431539188,1.1022,1.1146,0.69,0.426642022
"RQ3",2015,NA,NA,NA,NA,NA,2702,NA,NA,NA,NA,NA
"RQ3",2016,NA,NA,NA,NA,NA,2702,NA,NA,NA,NA,NA
"RQ3",2017,0.679754967333333,0.79594781875,0.78973495075,0.834874216,0.616227919,2702,0.356432061,NA,NA,NA,0.403736714
"RQ3",2018,0.673134239333333,0.78171308925,0.778015038,0.799299671,0.560406876,2702,0.333059885,NA,NA,NA,0.439629732
"RQ3",2019,0.689465526333333,0.79453427025,0.785933121,0.813525718,0.635721787,2702,0.523339144,NA,NA,0.68,0.441678127
"RQ6",2015,0.676454563,0.74622837225,0.75425623775,0.756416971,0.6529995,3022,0.393410214,1.0415,1.0229,0.62,0.360773636
"RQ6",2016,0.673158708333333,0.74561841375,0.74429561975,0.740343427,0.639944982,3022,0.414331162,1.0229,1.0367,0.61,0.353528287
"RQ6",2017,0.649892396333333,0.753746154,0.75202314525,0.744168752,0.622923425,3022,0.488059465,1.0367,1.0511,0.61,0.337089945
"RQ6",2018,0.679919061333333,0.7722568775,0.7666835815,0.740420323,0.638387165,3022,0.412863383,1.0511,1.0444,0.59,0.332799414
"RQ6",2019,0.694321157666667,0.769772951,0.764249345,0.738464843,0.628204391,3022,0.440653252,NA,NA,0.62,0.36852636
"RQ8",2015,0.694543876333333,0.72675362775,0.7414059695,0.693646928,0.641700873,2380,0.254416961,1.0236,1.0814,0.69,0.370927375
"RQ8",2016,0.742313488,0.80309768475,0.83172379025,0.767713752,0.718239448,2380,0.36985173,1.0814,1.0748,0.69,0.361651214
"RQ8",2017,0.683826947666667,0.77738060175,0.812531371,0.713762137,0.608045876,2380,0.330792683,1.0748,1.0899,0.72,0.404588671
"RQ8",2018,0.671967171666667,0.77045974825,0.81165947075,0.664011145,0.525487181,2380,0.332518337,1.0899,1.1085,0.7,0.442091024
"RQ8",2019,0.669724264,0.77481191375,0.81390386525,0.672288747,0.579301817,2380,0.503064891,1.1085,1.1094,0.71,0.421311003
"RQM",2015,NA,NA,NA,NA,NA,2758,NA,0.8029,0.8777,0.78,NA
"RQM",2016,0.689594986333333,0.77016510675,0.76993573275,0.718136084,0.625245192,2758,0.482170543,0.8777,0.8273,0.8,0.385050848
"RQM",2017,0.71911566,0.80473674825,0.802251065,0.782617666,0.689567874,2758,0.319470004,0.8273,0.8149,0.77,0.38582748
"RQM",2018,0.729017041333333,0.796951786,0.80219183275,0.80986555,0.724659516,2758,0.410487288,0.8149,0.8022,0.78,0.383917144
"RQM",2019,0.727999416,0.80050639375,0.80080180475,0.791904164,0.699150927,2758,0.460741731,0.8022,0.7493,0.78,0.413888009
"RQQ",2015,NA,NA,NA,NA,NA,NA,NA,0.9677,1.0828,0.72,NA
"RQQ",2016,NA,NA,NA,NA,NA,NA,NA,NA,NA,0.7,NA
"RQW",2015,0.716957348,0.75526576625,0.765895188,0.668238248,0.552696792,1520,0.337092732,1.0808,0.9941,0.61,0.368250625
"RQW",2016,0.693540576333333,0.7329525025,0.7480057795,0.574678587,0.478995833,1520,0.394435352,0.9941,1.0551,0.67,0.401802021
"RQW",2017,0.691071209666667,0.7713747375,0.785188235,0.580072694,0.485095997,1520,0.371236387,1.0551,1.1213,0.64,0.40906534
"RQW",2018,0.715770027666667,0.78417044,0.79679491675,0.611179892,0.564499765,1520,0.400847714,1.1213,1.1669,0.64,0.405099467
"RQW",2019,0.712594927333333,0.757883189,0.76544488825,0.60872131,0.575989124,1520,0.448113208,1.1669,1.0956,0.61,0.407981667
"RQX",2015,0.700628035333333,0.7730312795,0.7671270275,0.728447712,0.678807578,2142,0.342097823,0.8701,0.9421,0.75,0.412620829
"RQX",2016,0.705129227333333,0.795557868,0.79639281525,0.755827017,0.699155713,2142,0.547800587,0.9421,0.774,0.76,0.387724375
"RQX",2017,0.693715196333333,0.79722111925,0.798749644,0.734855797,0.666132308,2142,0.504060639,0.774,0.8147,0.76,0.413976207
"RQX",2018,0.686356136333333,0.78654342075,0.785493954,0.751626884,0.677330463,2142,0.523718648,0.8147,0.6917,0.77,0.422826295
"RQX",2019,0.671515899666667,0.789040886,0.794810655,0.761594718,0.668940685,2142,0.561173697,0.6917,0.7703,0.78,0.433348033
"RR1",2015,NA,NA,NA,NA,NA,NA,NA,0.9856,0.9759,0.64,NA
"RR1",2016,NA,NA,NA,NA,NA,NA,NA,0.9759,0.9662,0.66,NA
"RR1",2017,NA,NA,NA,NA,NA,NA,NA,0.9662,0.9624,0.68,NA
"RR7",2015,NA,NA,NA,NA,NA,1566,NA,1.0058,0.9646,0.64,NA
"RR7",2016,NA,NA,NA,NA,NA,1566,NA,0.9646,0.9987,0.64,NA
"RR7",2017,0.701548259,0.82785969275,0.8144523165,0.806932849,0.712041973,1566,0.444038245,0.9987,1.017,0.67,0.314423951
"RR7",2018,0.701029881666667,0.832956265,0.824183542,0.812255962,0.72112006,1566,0.39553696,1.017,1.0409,0.64,0.346460536
"RR7",2019,0.701420226,0.82614145825,0.8251132655,0.82163134,0.71922423,1566,0.418604651,1.0409,1.0482,0.66,0.366124159
"RR8",2015,0.696580603,0.7499254135,0.76691468875,0.699471439,0.58856243,7313,0.500468353,1.0311,1.0065,0.67,0.370365536
"RR8",2016,0.707998126333333,0.78315428225,0.8055651805,0.743751036,0.6390787,7313,0.458566018,1.0065,0.9787,0.67,0.357879937
"RR8",2017,0.708382929666667,0.77615837275,0.80261819175,0.750616703,0.646782966,7313,0.303193377,0.9787,1.015,0.63,0.343867743
"RR8",2018,0.714095327666667,0.79565721,0.81645843225,0.804871692,0.707823993,7313,0.382012413,1.015,1.0744,0.64,0.336825253
"RR8",2019,0.709390782333333,0.7998430055,0.81412517675,0.792610157,0.698985685,7313,0.417981253,1.0744,1.0838,0.67,0.356959916
"RRF",2015,0.800807713,0.80578639375,0.81073599075,0.794037609,0.777473713,340,0.356132075,1.0925,1.1153,0.65,0.319940056
"RRF",2016,0.769875136333333,0.7854374605,0.783743993,0.776374617,0.724400423,340,0.354683747,1.1153,1.1756,0.59,0.329532333
"RRF",2017,0.756682777666667,0.793049155,0.78764243125,0.775328687,0.737359024,340,0.34427542,1.1756,1.1729,0.6,0.354915096
"RRF",2018,0.699620192666667,0.76452697,0.763150599,0.707232004,0.635621974,340,0.3432,1.1729,1.1025,0.58,0.398814463
"RRF",2019,0.759769187333333,0.78578314925,0.791609492,0.762734452,0.716909237,340,0.272,1.1025,1.1999,0.62,0.3808695
"RRK",2015,NA,NA,NA,NA,NA,7261,NA,1.0313,1.0269,0.63,NA
"RRK",2016,NA,NA,NA,NA,NA,7261,NA,1.0269,1.0364,0.62,NA
"RRK",2017,NA,NA,NA,NA,NA,7261,NA,1.0364,1.0295,0.63,NA
"RRK",2018,0.685747988666667,0.752405393,0.7599404085,0.717199657,0.614528408,7261,0.360020715,1.0295,0.9744,0.64,0.392577728
"RRK",2019,0.669287436,0.746239516,0.75248919325,0.691979544,0.589331217,7261,0.368653534,0.9744,0.9837,0.64,0.419050322
"RRV",2015,0.689941506,0.77179437325,0.7650624185,0.814416656,0.653752158,4162,0.358439078,0.7849,0.7586,0.67,0.412291363
"RRV",2016,0.707408267,0.78448252425,0.7914558265,0.83574006,0.70094772,4162,0.435250365,0.7586,0.7466,0.68,0.39296528
"RRV",2017,0.697365128,0.78922221375,0.78863310625,0.832012859,0.707229289,4162,0.404724024,0.7466,0.7515,0.68,0.407708009
"RRV",2018,0.690653018,0.781418359,0.7770529755,0.820775694,0.691252204,4162,0.369364025,0.7515,0.7255,0.67,0.453318577
"RRV",2019,0.706229927,0.78833193475,0.78109909275,0.820554775,0.718403232,4162,0.457362637,0.7255,0.7021,0.7,0.430142527
"RTD",2015,0.698861080666667,0.77311828225,0.7758329325,0.88795867,0.671945437,6485,0.267333333,0.978,0.9875,0.59,0.329394513
"RTD",2016,0.720007536,0.79921307225,0.827136862,0.908971999,0.74414572,6485,0.322262774,0.9875,0.9595,0.64,0.302952013
"RTD",2017,0.699534320333333,0.78916167475,0.8123952285,0.893887577,0.703333485,6485,0.326464907,0.9595,0.9282,0.63,0.332260478
"RTD",2018,0.709755699666667,0.81046908775,0.82452764525,0.903219961,0.730416988,6485,0.47168474,0.9282,0.9847,0.65,0.321444641
"RTD",2019,0.703000525666667,0.809445165,0.81531017,0.904603615,0.738120734,6485,0.449753797,0.9847,0.97,0.61,0.352485829
"RTE",2015,0.677671615,0.7417647195,0.74064977125,0.650442212,0.563737903,3403,0.505047749,1.0973,1.1069,0.69,0.340437713
"RTE",2016,0.677539191,0.74558550925,0.7375303015,0.640650704,0.564599063,3403,0.504205046,1.1069,1.1401,0.7,0.327771502
"RTE",2017,0.662140511333333,0.7515379045,0.7414684425,0.614504267,0.522561051,3403,0.474145831,1.1401,1.0695,0.67,0.376700875
"RTE",2018,0.671417807,0.782914748,0.76662421425,0.646932387,0.559688795,3403,0.456112399,1.0695,1.026,0.67,0.405600525
"RTE",2019,0.685828023333333,0.78112250325,0.76183707725,0.646835383,0.594084213,3403,0.495342067,1.026,1.0526,0.69,0.405682326
"RTF",2015,0.724979422333333,0.83032374775,0.831576056,0.861256724,0.752979434,932,0.782555283,1.0451,1.0372,0.7,0.273814715
"RTF",2016,0.726691294666667,0.808274834,0.814761822,0.80995654,0.737400557,932,0.762652705,1.0372,1.0325,0.7,0.279642308
"RTF",2017,0.706778259666667,0.79550938025,0.801882729,0.774699237,0.685311463,932,0.726345083,1.0325,1.0142,0.7,0.290887111
"RTF",2018,0.736207469,0.81766739475,0.8160641375,0.831954811,0.730839793,932,0.716357776,1.0142,1.0147,0.71,0.309193247
"RTF",2019,0.754742166333333,0.83446685675,0.8448426605,0.87638531,0.809854982,932,0.759576202,1.0147,1.0286,0.7,0.297691557
"RTG",2015,NA,NA,NA,NA,NA,5886,NA,1.0377,1.0242,0.65,NA
"RTG",2016,NA,NA,NA,NA,NA,5886,NA,1.0242,1.0203,0.65,NA
"RTG",2017,NA,NA,NA,NA,NA,5886,NA,1.0203,0.9394,0.7,NA
"RTG",2018,0.715089610333333,0.78027848275,0.77192690125,0.786532771,0.699994473,5886,0.379895341,0.9394,0.9676,0.69,0.386070573
"RTG",2019,0.712121442333333,0.77856889175,0.76850194175,0.786770071,0.674895076,5886,0.472202166,0.9676,0.8931,0.72,0.415548638
"RTH",2015,0.694983927666667,0.7533752905,0.75444213625,0.746252814,0.603531421,5926,0.297066015,0.9888,0.9858,0.64,0.369884922
"RTH",2016,0.724655409333333,0.77790301275,0.77498337175,0.788270645,0.608723984,5926,0.389491243,0.9858,0.9354,0.66,0.32593791
"RTH",2017,0.697037844,0.76727914875,0.771264849,0.752307191,0.566514711,5926,0.387697565,0.9354,0.9309,0.66,0.406125698
"RTH",2018,0.693750262,0.76806905925,0.77069822875,0.743923029,0.566406888,5926,0.498185902,0.9309,0.921,0.67,0.421572254
"RTH",2019,0.718249412333333,0.79749155825,0.79921635775,0.781141231,0.641780794,5926,0.48210218,0.921,0.9175,0.68,0.397664449
"RTK",2015,0.697841485333333,0.71658433925,0.71202599675,0.651088992,0.566237657,2003,0.464797318,0.9325,0.9377,0.7,0.331330824
"RTK",2016,0.750174013,0.77436125575,0.77186412575,0.703668876,0.633724667,2003,0.430068966,0.9377,0.9642,0.65,0.334890242
"RTK",2017,0.728095204,0.77279878425,0.7669533755,0.706671723,0.639208175,2003,0.440751839,0.9642,0.9478,0.66,0.337933371
"RTK",2018,0.735184461333333,0.7756123305,0.76688525775,0.71356337,0.649940773,2003,0.464195451,0.9478,0.9781,0.68,0.383217798
"RTK",2019,0.739122472666667,0.79067238925,0.77851678225,0.695516073,0.669394487,2003,0.539892183,0.9781,0.9721,0.7,0.384032905
"RTP",2015,0.749262585666667,0.7743374155,0.76485526925,0.78747283,0.730841106,2832,0.621644774,0.9369,0.9518,0.77,0.288361519
"RTP",2016,0.752426168,0.80455809425,0.79639146,0.812386205,0.759056309,2832,0.660490463,0.9518,0.9569,0.76,0.268243755
"RTP",2017,0.74729364,0.7975597705,0.7940506105,0.818539715,0.743687654,2832,0.665872385,0.9569,0.9494,0.73,0.303703218
"RTP",2018,0.752785166666667,0.827322368,0.82930695225,0.839217507,0.781971879,2832,0.636542723,0.9494,0.9468,0.74,0.320628834
"RTP",2019,0.747776415666667,0.8224513295,0.8267527875,0.842453276,0.788851437,2832,0.653437933,0.9468,0.9681,0.75,0.321953219
"RTR",2015,0.652053549333333,0.72876211375,0.75524291675,0.720593878,0.528246315,2250,0.457834156,1.0268,1.1009,0.7,0.358211145
"RTR",2016,0.679148456666667,0.75435126525,0.76798808975,0.729718839,0.555222459,2250,0.332333173,1.1009,1.0267,0.65,0.382393705
"RTR",2017,0.677373012666667,0.728208664,0.7435506095,0.700794037,0.544312142,2250,0.334951456,1.0267,1.1056,0.67,0.369695847
"RTR",2018,0.647250932666667,0.7325980095,0.737146636,0.702941798,0.472751628,2250,0.331194868,1.1056,1.0946,0.71,0.401224797
"RTR",2019,0.635045393,0.7259978515,0.73460089675,0.64195734,0.4421556,2250,0.272166445,1.0946,1.119,0.7,0.454319297
"RTX",2015,0.719841229333333,0.75589552,0.7850627115,0.639063141,0.613934297,3411,0.494019139,1.0181,0.9914,0.7,0.384245408
"RTX",2016,0.707414283,0.7807870145,0.8049194665,0.654855767,0.604732556,3411,0.417230056,0.9914,1.0335,0.61,0.362854608
"RTX",2017,0.701528954666667,0.7845288705,0.80698632275,0.701315669,0.633860279,3411,0.40329142,1.0335,1.0038,0.62,0.349601728
"RTX",2018,0.726497437,0.78834394525,0.804523028,0.717871554,0.660816221,3411,0.392459016,1.0038,1.0087,0.62,0.371349671
"RTX",2019,0.724618036,0.75741626775,0.767842406,0.65496893,0.618381687,3411,0.515490404,1.0087,1.0273,0.68,0.388654156
"RVJ",2015,0.672140958666667,0.73297675225,0.726027116,0.638755822,0.514927138,4213,0.303711388,0.9362,0.9017,0.59,0.408710301
"RVJ",2016,0.695732630333333,0.76042304875,0.75960622325,0.649801852,0.525138539,4213,0.323126511,0.9017,0.9667,0.63,0.366065034
"RVJ",2017,0.668896816,0.74701670175,0.74563450225,0.707578792,0.53733363,4213,0.463860704,0.9667,0.9552,0.63,0.423479478
"RVJ",2018,0.683279849666667,0.75491408225,0.74546517625,0.738957168,0.59716441,4213,0.414039409,0.9552,0.9214,0.59,0.425106447
"RVJ",2019,0.700989219333333,0.780967776,0.770935448,0.797320893,0.6895803,4213,0.505762305,0.9214,0.8776,0.64,0.39808495
"RVR",2015,0.732063044333333,0.7578046305,0.76439234025,0.721676065,0.633246026,3096,0.347786189,0.9902,0.9574,0.62,0.331287233
"RVR",2016,0.702173269333333,0.754715201,0.75639356425,0.678954162,0.586134219,3096,0.561932196,0.9574,0.9493,0.69,0.35162921
"RVR",2017,0.697826455333333,0.74479750875,0.74767203775,0.670500502,0.569724642,3096,0.516747419,0.9493,0.9527,0.68,0.378606533
"RVR",2018,0.684868263,0.745243389,0.74698164975,0.640914057,0.568169914,3096,0.414644265,0.9527,0.9657,0.65,0.406781357
"RVR",2019,0.706047357333333,0.77524985,0.77311618875,0.697470409,0.617672922,3096,0.566929134,0.9657,0.9245,0.71,0.394605038
"RVV",2015,0.675384639333333,0.73127838625,0.73568786625,0.596835779,0.477456229,4278,0.404787234,1.0215,0.9989,0.63,0.434874697
"RVV",2016,0.670366787333333,0.75983081075,0.7656354255,0.616690699,0.504067873,4278,0.470476706,0.9989,1.0105,0.63,0.423583481
"RVV",2017,0.655409898333333,0.743971865,0.74796852825,0.533848875,0.427433116,4278,0.502378687,1.0105,1.0156,0.65,0.449261183
"RVV",2018,0.660423072666667,0.74491945775,0.7490944735,0.542680137,0.448112899,4278,0.471980741,1.0156,1.0574,0.68,0.466526925
"RVV",2019,0.680912347666667,0.76899929,0.771696953,0.597138118,0.509814236,4278,0.544898739,1.0574,1.0683,0.69,0.443533721
"RVW",2015,0.687370329,0.75350482525,0.76183076725,0.623192905,0.568910397,2444,0.446706587,1.1824,1.1731,0.69,0.352866334
"RVW",2016,0.710998556,0.77218038025,0.78967142025,0.650513689,0.650301162,2444,0.606677524,1.1731,1.1029,0.68,0.311345997
"RVW",2017,0.686070649,0.779273711,0.7893228125,0.67350886,0.628646736,2444,0.511129431,1.1029,1.0499,0.66,0.337864371
"RVW",2018,0.708879683333333,0.80843469125,0.8144697825,0.708284829,0.670033684,2444,0.452,1.0499,1.0072,0.65,0.374377882
"RVW",2019,0.706879821,0.81122496225,0.8153530665,0.718767238,0.679499626,2444,0.548227905,1.0072,0.9793,0.7,0.367626306
"RVY",2015,0.709982543,0.73261581875,0.736138029,0.539211994,0.53283427,1379,0.474556213,1.0727,1.0789,0.72,0.32966661
"RVY",2016,0.689565396333333,0.70022320875,0.70597172325,0.51715492,0.501483082,1379,0.49370126,1.0789,1.1588,0.72,0.323237851
"RVY",2017,0.661554794,0.6953939685,0.70177862975,0.531525052,0.505641498,1379,0.453567587,1.1588,1.1419,0.67,0.323388633
"RVY",2018,0.654688014333333,0.72070989525,0.72749361175,0.51324534,0.518698183,1379,0.403873239,1.1419,1.1316,0.65,0.348961321
"RVY",2019,0.674985694333333,0.74359609425,0.743882017,0.553633227,0.551454592,1379,0.471452991,1.1316,0.9923,0.65,0.344758587
"RW3",2015,NA,NA,NA,NA,NA,NA,NA,1.0171,1.0045,0.66,NA
"RW3",2016,NA,NA,NA,NA,NA,NA,NA,1.0045,1.1179,0.61,NA
"RW3",2017,NA,NA,NA,NA,NA,NA,NA,NA,NA,0.64,NA
"RW6",2015,0.662412858,0.7226790395,0.73443081025,0.551919468,0.481996753,4088,0.286219081,1.0455,1.0796,0.58,0.400791024
"RW6",2016,0.667185073,0.7140662025,0.7204728745,0.517928036,0.475984726,4088,0.447820343,1.0796,1.0906,0.66,0.377392408
"RW6",2017,0.683693900666667,0.73194089075,0.74530348225,0.563048017,0.525140782,4088,0.33322372,1.0906,1.0077,0.63,0.367110849
"RW6",2018,0.688768374333333,0.75133952525,0.7686965625,0.601557453,0.545005607,4088,0.34423913,1.0077,0.9723,0.62,0.383549245
"RW6",2019,0.694771989,0.76471044825,0.7808169755,0.631390585,0.598115093,4088,0.405073325,0.9723,1.076,0.66,0.385014028
"RWA",2015,0.700601166,0.77205636425,0.76838254975,0.581327868,0.528851437,3101,0.35645933,1.0726,1.1223,0.67,0.449012544
"RWA",2016,0.712816820333333,0.75842285575,0.7764078145,0.656452868,0.586658755,3101,0.440276035,1.1223,1.0721,0.67,0.376837955
"RWA",2017,0.693058391,0.77367984575,0.79209188675,0.670238462,0.586747632,3101,0.421161826,1.0721,1.1034,0.67,0.367709037
"RWA",2018,0.713700072,0.78503461475,0.81110140775,0.701189661,0.6270837,3101,0.388083343,1.1034,1.088,0.65,0.391764129
"RWA",2019,0.700934332333333,0.7852332435,0.806208888,0.702856427,0.626941764,3101,0.366375236,1.088,1.0393,0.65,0.403749069
"RWD",2015,0.713940103,0.7023705225,0.70300991025,0.563459892,0.509177048,3767,0.329326923,1.0981,1.1099,0.69,0.301868162
"RWD",2016,0.727933269666667,0.73963839375,0.73566659725,0.592334244,0.548759666,3767,0.394036061,1.1099,1.1139,0.67,0.354381162
"RWD",2017,0.678948466666667,0.71067210575,0.7121858425,0.505222297,0.440179284,3767,0.450250836,1.1139,1.1487,0.66,0.395714802
"RWD",2018,0.66181742,0.72025241025,0.7184571255,0.472988776,0.413166257,3767,0.459160254,1.1487,1.1405,0.67,0.451262283
"RWD",2019,0.682327138333333,0.7311885925,0.7316704925,0.492211506,0.450537448,3767,0.503609626,1.1405,1.0973,0.69,0.441828965
"RWE",2015,0.735815730666667,0.73345507375,0.728259035,0.634919581,0.582830871,5347,0.254878049,0.9949,0.9816,0.65,0.322997159
"RWE",2016,0.735831521333333,0.76668698775,0.77654724325,0.649822193,0.584103746,5347,0.361632653,0.9816,1.0058,0.65,0.321637479
"RWE",2017,0.704200669,0.761974605,0.782190982,0.652448187,0.56755915,5347,0.339884066,1.0058,0.9663,0.67,0.359049128
"RWE",2018,0.710835841666667,0.75820190075,0.78663265025,0.650339396,0.596425568,5347,0.370309951,0.9663,0.9901,0.69,0.373463552
"RWE",2019,0.718003089,0.77030455075,0.7947785,0.670025091,0.624840138,5347,0.353637566,0.9901,0.952,0.68,0.363100804
"RWF",2015,0.727812750666667,0.7399761915,0.7576176995,0.748777111,0.652428366,2978,0.407542579,1.0368,1.0568,0.62,0.367700045
"RWF",2016,0.709084516333333,0.76319332175,0.7768456635,0.74783156,0.63235203,2978,0.36,1.0568,1.0878,0.68,0.379035346
"RWF",2017,0.717733482666667,0.74108647325,0.764154103,0.714502472,0.633529879,2978,0.326034063,1.0878,1.0219,0.6,0.351430681
"RWF",2018,0.698297025,0.75235819825,0.75268752775,0.717537922,0.633637493,2978,0.331985229,1.0219,1.0391,0.63,0.394824114
"RWF",2019,0.714054778,0.77256361575,0.77611520925,0.739320012,0.660800262,2978,0.511332418,NA,NA,0.63,0.397377632
"RWG",2015,0.713287396,0.71967638375,0.71407654125,0.543177413,0.503874843,2057,0.331344768,0.9015,0.9378,0.63,0.376737758
"RWG",2016,0.707577129,0.77964852325,0.76989993675,0.572013419,0.548326547,2057,0.428605885,0.9378,0.8952,0.65,0.370758949
"RWG",2017,0.721391909666667,0.77781025725,0.78752645175,0.560795252,0.556595496,2057,0.410757409,0.8952,0.9798,0.67,0.362904434
"RWG",2018,0.740081812,0.788423833,0.79399672975,0.589044723,0.595988912,2057,0.435723377,0.9798,0.9646,0.7,0.355654381
"RWG",2019,0.716738981,0.782142007,0.78360310825,0.569904795,0.591782768,2057,0.418685121,0.9646,0.9974,0.72,0.366292065
"RWH",2015,0.726032730333333,0.75350150125,0.7548106695,0.676660801,0.598327425,2605,0.350214417,1.1334,1.0969,0.68,0.395862972
"RWH",2016,0.740644237333333,0.75345316075,0.75580460675,0.691437253,0.608936518,2605,0.345035863,1.0969,1.0231,0.65,0.330136287
"RWH",2017,0.692685057,0.712880263,0.70897012575,0.626387918,0.495120418,2605,0.28933645,1.0231,1.0736,0.62,0.385483793
"RWH",2018,0.688893533666667,0.73226570975,0.72808679775,0.637752804,0.539603594,2605,0.428366505,1.0736,0.999,0.71,0.39954395
"RWH",2019,0.699090649666667,0.75407050825,0.75531683975,0.660804965,0.5814732,2605,0.445680068,0.999,0.8897,0.68,0.400325602
"RWJ",2015,0.685297669,0.763831782,0.7600833315,0.732368819,0.614941414,2793,0.343385754,0.9312,0.9748,0.61,0.364292827
"RWJ",2016,0.687089010333333,0.76131624725,0.77065588275,0.658909392,0.527262979,2793,0.386163768,0.9748,0.9101,0.63,0.356055397
"RWJ",2017,0.674209457333333,0.7586272335,0.76084945425,0.656879041,0.522105137,2793,0.417633411,0.9101,0.9609,0.66,0.403498
"RWJ",2018,0.700962361333333,0.76652704175,0.7745303755,0.641846295,0.544683188,2793,0.307,0.9609,0.9631,0.61,0.426314915
"RWJ",2019,0.696992284333333,0.775697221,0.787602355,0.617995087,0.549180655,2793,0.547539698,0.9631,0.9827,0.68,0.435018536
"RWP",2015,0.687301680333333,0.72947016375,0.73371752725,0.554047376,0.504472507,2331,0.437647059,1.101,1.1257,0.75,0.361186643
"RWP",2016,0.689517542333333,0.7326969985,0.7336659865,0.558561502,0.482348987,2331,0.325437112,1.1257,1.0675,0.68,0.378683246
"RWP",2017,0.709630668,0.7537507915,0.75109567675,0.567665358,0.500972906,2331,0.345229682,1.0675,1.0476,0.68,0.39399257
"RWP",2018,0.691608588,0.73821041575,0.74214819,0.580956118,0.514683847,2331,0.349666315,1.0476,1.1132,0.72,0.418867053
"RWP",2019,0.725173884666667,0.78375339225,0.78382103275,0.633150834,0.56520227,2331,0.390256153,1.1132,1.0628,0.68,0.415380763
"RWW",2015,0.679417193,0.7561010445,0.772759525,0.538209487,0.479006808,2136,0.332929782,1.1558,1.1065,0.66,0.33229849
"RWW",2016,0.703611305333333,0.7479363965,0.75760954025,0.568817563,0.53135422,2136,0.382619974,1.1065,1.0978,0.61,0.342691203
"RWW",2017,0.680531912333333,0.74364685425,0.75797783875,0.595224414,0.521785456,2136,0.456131479,1.0978,1.0673,0.62,0.360519626
"RWW",2018,0.711641743666667,0.775993788,0.7834667565,0.607314329,0.566530634,2136,0.506361323,1.0673,1.0992,0.63,0.348405334
"RWW",2019,0.725637767333333,0.7952176895,0.80937135,0.651851124,0.634815389,2136,0.529630548,1.0992,1.0542,0.65,0.338229437
"RWY",2015,0.710653854,0.76038404775,0.75698769,0.679825633,0.531265951,2547,0.4031477,1.0926,1.138,0.65,0.423562881
"RWY",2016,0.728312708666667,0.78232716575,0.7783706095,0.676790124,0.585195083,2547,0.445249597,1.138,1.0473,0.65,0.376386154
"RWY",2017,0.686994794,0.764554622,0.7668536675,0.663375635,0.542666509,2547,0.427617709,1.0473,1.0064,0.65,0.42777143
"RWY",2018,0.693838126333333,0.78450884475,0.782344714,0.696030856,0.580354906,2547,0.508881157,1.0064,1.0025,0.7,0.421396989
"RWY",2019,0.683557165666667,0.783431927,0.7781649165,0.674696084,0.573417438,2547,0.460745297,1.0025,0.982,0.69,0.448728564
"RX1",2015,0.712547247,0.8016896615,0.80715044875,0.79197559,0.655621867,5898,0.279987689,0.9678,1.0535,0.66,0.363577589
"RX1",2016,0.688608752,0.79854751025,0.81004763875,0.754566312,0.640586236,5898,0.372084101,1.0535,1.0272,0.68,0.352697341
"RX1",2017,0.678403696666667,0.78949887925,0.79461430825,0.761676421,0.629278244,5898,0.365464922,1.0272,1.0185,0.67,0.380793655
"RX1",2018,0.674844103666667,0.80011806375,0.798616423,0.771130463,0.644698624,5898,0.367323052,1.0185,1.053,0.67,0.403702383
"RX1",2019,0.668679571,0.798251645,0.7982150925,0.753216265,0.624921758,5898,0.375716652,1.053,1.044,0.67,0.423870343
"RXC",2015,0.633718926333333,0.66696350225,0.65400133525,0.538112776,0.40322458,3642,0.398383372,1.1061,1.1352,0.68,0.400291372
"RXC",2016,0.688200253333333,0.75368611875,0.74769568225,0.613991536,0.535899816,3642,0.463208874,1.1352,1.0919,0.69,0.355299314
"RXC",2017,0.684743974333333,0.75862049,0.756846668,0.644593882,0.559775638,3642,0.48760703,1.0919,1.0449,0.67,0.360948629
"RXC",2018,0.689222899,0.78230565225,0.778186599,0.67262396,0.591512107,3642,0.527926882,1.0449,0.9996,0.67,0.365819846
"RXC",2019,0.695511956,0.80180551275,0.79666399825,0.690534997,0.632123943,3642,0.520806521,0.9996,0.9725,0.67,0.385185016
"RXF",2015,0.628279101666667,0.72586996675,0.74796054575,0.451156742,0.404772292,3899,0.404471266,0.8788,0.9473,0.69,0.411130453
"RXF",2016,0.65705449,0.745658431,0.75442946375,0.485999309,0.447940039,3899,0.415959253,0.9473,0.9886,0.64,0.388362362
"RXF",2017,0.663659858,0.7583198205,0.78029440925,0.491570553,0.471756919,3899,0.439265721,0.9886,0.9862,0.65,0.409522113
"RXF",2018,0.681776409,0.75277295375,0.764082174,0.576448965,0.561521166,3899,0.41903987,0.9862,0.9907,0.71,0.443127633
"RXF",2019,0.685209772,0.77526252675,0.78443839825,0.580144317,0.544259327,3899,0.470495958,0.9907,1.0637,0.67,0.401557384
"RXH",2015,0.690038183,0.73869483975,0.74588186175,0.589137724,0.520922945,5051,0.408018868,0.952,0.9583,0.7,0.424455564
"RXH",2016,0.657241382333333,0.732148513,0.73554269225,0.545178297,0.416730309,5051,0.395310933,0.9583,0.9632,0.67,0.44252004
"RXH",2017,0.635185100333333,0.72365251125,0.72877232275,0.578762772,0.462855818,5051,0.563332015,0.9632,0.9977,0.73,0.448939422
"RXH",2018,0.673378757,0.77544684475,0.772493459,0.677397205,0.588052931,5051,0.591045148,0.9977,1.011,0.72,0.419285688
"RXH",2019,0.667994899666667,0.77625155075,0.76454748975,0.661465079,0.582965228,5051,0.615000609,1.011,0.9789,0.73,0.428727422
"RXK",2015,0.729929681333333,0.781437607,0.78164544825,0.594789889,0.499966115,2719,0.188178528,0.9584,0.9927,0.63,0.376376085
"RXK",2016,0.683461687666667,0.76815879075,0.78897512625,0.60858583,0.493639074,2719,0.287953795,0.9927,1.0356,0.69,0.332924383
"RXK",2017,0.693191998333333,0.7813255135,0.78867594725,0.585018606,0.495135171,2719,0.2728,1.0356,1.1259,0.63,0.437840544
"RXK",2018,0.721986683,0.78768804925,0.79373497025,0.600679318,0.555985225,2719,0.245915033,1.1259,1.135,0.7,0.421034994
"RXK",2019,0.695349898333333,0.7874284525,0.7888537155,0.618516387,0.570296735,2719,0.394229375,1.135,1.0752,0.69,0.422717115
"RXL",2015,0.744280770333333,0.7590076245,0.78146818125,0.662051152,0.621415983,3150,0.337943378,1.1662,1.15,0.67,0.374944433
"RXL",2016,0.71617633,0.7669956675,0.786975926,0.646898449,0.593905558,3150,0.377260599,1.15,1.1425,0.66,0.357518741
"RXL",2017,0.726486083,0.78015705775,0.8055783375,0.662729292,0.610501821,3150,0.355004536,1.1425,1.1453,0.66,0.387726729
"RXL",2018,0.718229890333333,0.78985220575,0.81345267475,0.651469498,0.621181953,3150,0.34520425,1.1453,1.1499,0.68,0.405716754
"RXL",2019,0.733590078,0.792083419,0.811121279,0.630984038,0.620366767,3150,0.469308701,1.1499,1.1241,0.7,0.419013813
"RXN",2015,0.688954903,0.76018254575,0.75184456875,0.651564628,0.545485984,3938,0.353006682,1.0783,0.9948,0.62,0.40110727
"RXN",2016,0.717259808333333,0.7777408015,0.77024295175,0.651863603,0.590745921,3938,0.438066044,0.9948,1.0086,0.61,0.357383504
"RXN",2017,0.708036091333333,0.78250306525,0.7780051355,0.662701211,0.597128565,3938,0.51819407,1.0086,1.044,0.64,0.366076409
"RXN",2018,0.692052391,0.7868394415,0.7805307055,0.653774927,0.585941036,3938,0.464933728,1.044,0.9713,0.63,0.389901062
"RXN",2019,0.710827817,0.79054192475,0.79012462425,0.625860782,0.571487612,3938,0.492989484,0.9713,0.9783,0.65,0.404607708
"RXP",2015,0.718294125,0.75774565925,0.78752011975,0.608932148,0.542984614,539,0.542682927,1.0086,1.023,0.71,0.303868593
"RXP",2016,0.705511078,0.765186624,0.778204216,0.586861243,0.472998836,539,0.380835381,1.023,1.0612,0.66,0.378464596
"RXP",2017,0.668617571,0.75263895575,0.78954414625,0.57653901,0.488675879,539,0.487239706,1.0612,1.0448,0.73,0.380803956
"RXP",2018,0.677042214333333,0.74266481,0.77925633225,0.575949964,0.478068119,539,0.264,1.0448,1.0922,0.69,0.377633877
"RXP",2019,0.720098787666667,0.8030409315,0.82491373025,0.612842249,0.571515478,539,0.439641109,1.0922,1.1513,0.72,0.375236172
"RXQ",2015,0.709347684666667,0.71864704825,0.728627492,0.623682884,0.53428128,2800,0.520550425,1.0502,0.9868,0.72,0.344995513
"RXQ",2016,0.720090112666667,0.74224470275,0.7521604135,0.667615115,0.569036614,2800,0.528757939,0.9868,0.9366,0.72,0.311438772
"RXQ",2017,0.697299821666667,0.7402871115,0.74532588325,0.665403265,0.552958122,2800,0.492217226,0.9366,1.0049,0.72,0.334425636
"RXQ",2018,0.713600677,0.786574695,0.78025894425,0.697845473,0.598936948,2800,0.512580253,1.0049,0.9924,0.73,0.357974948
"RXQ",2019,0.718857659333333,0.7961148855,0.79376300125,0.700255202,0.587910546,2800,0.473933649,0.9924,1.0151,0.7,0.386369624
"RXR",2015,0.726477151666667,0.7847058005,0.78940543425,0.690607245,0.646554961,3942,0.39123949,1.0817,1.0635,0.64,0.346990299
"RXR",2016,0.724411914,0.7972856125,0.7991563975,0.701746693,0.655264218,3942,0.477248104,1.0635,1.0443,0.65,0.322145065
"RXR",2017,0.710550604,0.7898040655,0.79616130225,0.71662583,0.662574453,3942,0.433359014,1.0443,1.0675,0.65,0.339118673
"RXR",2018,0.727596327666667,0.815317962,0.8186687245,0.757204483,0.705223276,3942,0.452855904,1.0675,1.0692,0.67,0.340223259
"RXR",2019,0.738348728,0.82164125925,0.81854017075,0.743816573,0.729138528,3942,0.469229854,1.0692,1.071,0.66,0.343239217
"RXW",2015,0.701698599666667,0.710931289,0.708087812,0.619446279,0.574964606,2450,0.436483932,0.9976,1.0265,0.7,0.348349033
"RXW",2016,0.69942332,0.73683367,0.7374821015,0.61434209,0.559389388,2450,0.36896861,1.0265,1.0031,0.68,0.346655263
"RXW",2017,0.702193255333333,0.73745951525,0.7281882215,0.58891113,0.541622094,2450,0.417328392,1.0031,1.0287,0.62,0.379956708
"RXW",2018,0.656597568666667,0.705802779,0.6986633515,0.525500601,0.47606635,2450,0.448383733,1.0287,0.9896,0.66,0.412421115
"RXW",2019,0.666630538666667,0.72457347425,0.71926681825,0.53555698,0.490452053,2450,0.409562019,0.9896,1.024,0.63,0.423224287
"RYJ",2015,0.692421668,0.74484586175,0.7419575135,0.664262437,0.542287071,5659,0.334969325,0.75,0.758,0.62,0.414435346
"RYJ",2016,0.708730100666667,0.759324029,0.76843206675,0.704014616,0.613743557,5659,0.423205342,0.758,0.7645,0.67,0.353820575
"RYJ",2017,0.701957044,0.795280097,0.79072056325,0.727344417,0.664266609,5659,0.414572864,0.7645,0.7512,0.7,0.400911865
"RYJ",2018,0.706277319666667,0.768983797,0.77627777575,0.71781392,0.60876301,5659,0.456198347,0.7512,0.7321,0.74,0.433049341
"RYJ",2019,0.719620753,0.78112276525,0.7892720555,0.757865721,0.673904364,5659,0.515016382,0.7321,0.6889,0.69,0.412110071
"RYR",2015,0.697315960333333,0.736182268,0.726684491,0.731379026,0.648917956,3864,0.544303797,1.0251,1.0127,0.71,0.352892877
"RYR",2016,0.714736454666667,0.75412329425,0.74791792975,0.79417407,0.719257462,3864,0.593909391,1.0127,0.9566,0.7,0.343706442
"RYR",2017,0.707004358333333,0.7638439095,0.7600374545,0.815883955,0.72295892,3864,0.659374541,0.9566,0.959,0.71,0.341215242
"RYR",2018,0.701885656333333,0.778462649,0.76250624875,0.813690199,0.72628215,3864,0.637492694,0.959,0.9815,0.71,0.362431954
"RYR",2019,0.719433453666667,0.77486926775,0.756772382,0.822397953,0.74824338,3864,0.547696669,0.9815,1.002,0.69,0.369693435
